-- phpMyAdmin SQL Dump
-- version 4.7.4
-- https://www.phpmyadmin.net/
--
-- Host: 127.0.0.1
-- Czas generowania: 15 Paź 2018, 23:41
-- Wersja serwera: 10.1.30-MariaDB
-- Wersja PHP: 7.1.13

SET SQL_MODE = "NO_AUTO_VALUE_ON_ZERO";
SET AUTOCOMMIT = 0;
START TRANSACTION;
SET time_zone = "+00:00";


/*!40101 SET @OLD_CHARACTER_SET_CLIENT=@@CHARACTER_SET_CLIENT */;
/*!40101 SET @OLD_CHARACTER_SET_RESULTS=@@CHARACTER_SET_RESULTS */;
/*!40101 SET @OLD_COLLATION_CONNECTION=@@COLLATION_CONNECTION */;
/*!40101 SET NAMES utf8mb4 */;

--
-- Baza danych: `szkola_v2`
--

-- --------------------------------------------------------

--
-- Struktura tabeli dla tabeli `klasy`
--

CREATE TABLE `klasy` (
  `id_klasy` int(11) NOT NULL,
  `nazwa_klasy` char(10) COLLATE utf8_polish_ci NOT NULL,
  `specjalizacja` varchar(30) COLLATE utf8_polish_ci DEFAULT NULL,
  `id_nauczyciela` int(11) DEFAULT NULL,
  `rok_szkolny` char(9) COLLATE utf8_polish_ci DEFAULT NULL
) ENGINE=InnoDB DEFAULT CHARSET=utf8 COLLATE=utf8_polish_ci;

--
-- Zrzut danych tabeli `klasy`
--

INSERT INTO `klasy` (`id_klasy`, `nazwa_klasy`, `specjalizacja`, `id_nauczyciela`, `rok_szkolny`) VALUES
(1, '1al', 'językowa', 1, '2017/2018'),
(2, '1bl', 'geograficzna', 2, '2017/2018'),
(3, '2al', 'językowa', 3, '2017/2018'),
(4, '2bl', 'geograficzna', 4, '2017/2018'),
(5, '3al', 'językowa', 5, '2017/2018'),
(6, '3bl', 'geograficzna', 6, '2017/2018'),
(7, '1abwt', 'technik elektryk', 7, '2017/2018'),
(8, '1ct', 'technik informatyk', 8, '2017/2018'),
(9, '2abwt', 'technik elektryk', 9, '2017/2018'),
(10, '2ct', 'technik informatyk', 10, '2017/2018'),
(11, '3abwt', 'technik elektryk', 11, '2017/2018'),
(12, '3ct', 'technik informatyk', 12, '2017/2018'),
(13, '4abwt', 'technik elektryk', 13, '2017/2018'),
(14, '4ct', 'technik informatyk', 14, '2017/2018');

-- --------------------------------------------------------

--
-- Struktura tabeli dla tabeli `nauczyciele`
--

CREATE TABLE `nauczyciele` (
  `id_nauczyciela` int(11) NOT NULL,
  `nazwisko` varchar(50) COLLATE utf8_polish_ci DEFAULT NULL,
  `imie` varchar(50) COLLATE utf8_polish_ci DEFAULT NULL,
  `data_urodzenia` date NOT NULL
) ENGINE=InnoDB DEFAULT CHARSET=utf8 COLLATE=utf8_polish_ci;

--
-- Zrzut danych tabeli `nauczyciele`
--

INSERT INTO `nauczyciele` (`id_nauczyciela`, `nazwisko`, `imie`, `data_urodzenia`) VALUES
(1, 'mrozek', 'Iwona', '1960-01-01'),
(2, 'zawadzka', 'katarzyna', '1961-02-02'),
(3, 'zajdel', 'jolanta', '1963-03-03'),
(4, 'piotrowska', 'magdalena', '1964-04-04'),
(5, 'nowak', 'łucja', '1965-05-05'),
(6, 'rajchel', 'alicja', '1966-06-06'),
(7, 'przybyła', 'luiza', '1967-07-07'),
(8, 'machnik', 'katarzyna', '1974-08-08'),
(9, 'sałata', 'mariusz', '1975-09-09'),
(10, 'dziadosz', 'joanna', '1976-10-10'),
(11, 'wójcik', 'natalia', '1977-11-11'),
(12, 'kowalski', 'marek', '1978-12-12'),
(13, 'jabłońska', 'małgorzata', '1979-01-01'),
(14, 'pawłowska', 'ilona', '1980-01-01');

-- --------------------------------------------------------

--
-- Struktura tabeli dla tabeli `obecnosci`
--

CREATE TABLE `obecnosci` (
  `id_obecnosci` int(11) NOT NULL,
  `id_rodzaj_obecnosci` int(11) NOT NULL,
  `id_ucznia` int(11) NOT NULL,
  `id_przedmiotu` int(11) NOT NULL,
  `id_nauczyciela` int(11) NOT NULL,
  `nr_lekcji` int(2) UNSIGNED NOT NULL,
  `data` date NOT NULL
) ENGINE=InnoDB DEFAULT CHARSET=utf8 COLLATE=utf8_polish_ci;

--
-- Zrzut danych tabeli `obecnosci`
--

INSERT INTO `obecnosci` (`id_obecnosci`, `id_rodzaj_obecnosci`, `id_ucznia`, `id_przedmiotu`, `id_nauczyciela`, `nr_lekcji`, `data`) VALUES
(1, 1, 10, 6, 4, 1, '2017-09-04'),
(2, 1, 31, 10, 3, 1, '2017-09-04'),
(3, 1, 49, 3, 10, 1, '2017-09-04'),
(4, 1, 60, 9, 4, 1, '2017-09-04'),
(5, 1, 45, 2, 12, 1, '2017-09-04'),
(6, 1, 16, 9, 3, 1, '2017-09-04'),
(7, 1, 9, 2, 3, 1, '2017-09-04'),
(8, 1, 68, 8, 5, 1, '2017-09-04'),
(9, 1, 36, 2, 14, 1, '2017-09-04'),
(10, 1, 53, 2, 6, 1, '2017-09-04'),
(11, 1, 53, 9, 11, 1, '2017-09-04'),
(12, 1, 3, 4, 2, 1, '2017-09-04'),
(13, 1, 62, 4, 10, 1, '2017-09-04'),
(14, 1, 50, 3, 6, 1, '2017-09-04'),
(15, 1, 44, 3, 12, 1, '2017-09-04'),
(16, 1, 70, 3, 12, 1, '2017-09-04'),
(17, 1, 60, 6, 12, 1, '2017-09-04'),
(18, 1, 27, 1, 14, 1, '2017-09-04'),
(19, 1, 69, 8, 3, 1, '2017-09-04'),
(20, 1, 14, 2, 14, 1, '2017-09-04'),
(21, 1, 6, 9, 4, 1, '2017-09-04'),
(22, 1, 57, 6, 5, 1, '2017-09-04'),
(23, 1, 53, 9, 8, 1, '2017-09-04'),
(24, 1, 7, 9, 7, 1, '2017-09-04'),
(25, 1, 8, 2, 12, 1, '2017-09-04'),
(26, 1, 41, 10, 9, 1, '2017-09-04'),
(27, 1, 42, 9, 6, 1, '2017-09-04'),
(28, 1, 64, 9, 11, 1, '2017-09-04'),
(29, 1, 27, 6, 4, 1, '2017-09-04'),
(30, 1, 64, 8, 6, 1, '2017-09-04'),
(31, 1, 22, 10, 10, 1, '2017-09-04'),
(32, 1, 16, 5, 8, 1, '2017-09-04'),
(33, 1, 15, 2, 10, 1, '2017-09-04'),
(34, 1, 11, 6, 3, 1, '2017-09-04'),
(35, 1, 37, 10, 12, 1, '2017-09-04'),
(36, 1, 38, 3, 8, 1, '2017-09-04'),
(37, 1, 50, 3, 11, 1, '2017-09-04'),
(38, 1, 41, 3, 13, 1, '2017-09-04'),
(39, 1, 33, 7, 5, 1, '2017-09-04'),
(40, 1, 51, 10, 7, 1, '2017-09-04'),
(41, 1, 59, 8, 11, 1, '2017-09-04'),
(42, 1, 37, 7, 4, 1, '2017-09-04'),
(43, 1, 47, 3, 10, 1, '2017-09-04'),
(44, 1, 71, 5, 6, 1, '2017-09-04'),
(45, 1, 35, 8, 2, 1, '2017-09-04'),
(46, 1, 48, 6, 3, 1, '2017-09-04'),
(47, 1, 34, 6, 12, 1, '2017-09-04'),
(48, 1, 38, 9, 10, 1, '2017-09-04'),
(49, 1, 3, 4, 11, 1, '2017-09-04'),
(50, 1, 61, 3, 11, 1, '2017-09-04'),
(51, 1, 5, 3, 5, 1, '2017-09-04'),
(52, 1, 39, 6, 10, 1, '2017-09-04'),
(53, 1, 1, 6, 11, 1, '2017-09-04'),
(54, 1, 44, 1, 10, 1, '2017-09-04'),
(55, 1, 8, 4, 4, 1, '2017-09-04'),
(56, 1, 54, 7, 9, 1, '2017-09-04'),
(57, 1, 27, 7, 14, 1, '2017-09-04'),
(58, 1, 33, 6, 10, 1, '2017-09-04'),
(59, 1, 37, 9, 13, 1, '2017-09-04'),
(60, 1, 53, 1, 3, 1, '2017-09-04'),
(61, 1, 23, 8, 11, 1, '2017-09-04'),
(62, 1, 54, 9, 9, 1, '2017-09-04'),
(63, 1, 41, 9, 10, 1, '2017-09-04'),
(64, 1, 3, 10, 5, 1, '2017-09-04'),
(65, 1, 43, 1, 11, 1, '2017-09-04'),
(66, 1, 13, 8, 3, 1, '2017-09-04'),
(67, 1, 62, 7, 10, 1, '2017-09-04'),
(68, 1, 41, 3, 3, 1, '2017-09-04'),
(69, 1, 56, 6, 7, 1, '2017-09-04'),
(70, 1, 60, 7, 1, 1, '2017-09-04'),
(71, 1, 11, 8, 5, 1, '2017-09-04'),
(72, 1, 22, 8, 5, 1, '2017-09-04'),
(73, 1, 8, 3, 10, 1, '2017-09-04'),
(74, 1, 64, 1, 5, 1, '2017-09-04'),
(75, 1, 65, 7, 9, 2, '2017-09-04'),
(76, 1, 46, 5, 4, 2, '2017-09-04'),
(77, 1, 27, 10, 5, 2, '2017-09-04'),
(78, 1, 48, 7, 8, 2, '2017-09-04'),
(79, 1, 29, 1, 13, 2, '2017-09-04'),
(80, 1, 34, 2, 9, 2, '2017-09-04'),
(81, 1, 63, 9, 2, 2, '2017-09-04'),
(82, 1, 22, 9, 6, 2, '2017-09-04'),
(83, 1, 1, 10, 12, 2, '2017-09-04'),
(84, 1, 35, 8, 8, 2, '2017-09-04'),
(85, 1, 28, 5, 9, 2, '2017-09-04'),
(86, 1, 60, 10, 6, 2, '2017-09-04'),
(87, 1, 2, 2, 3, 2, '2017-09-04'),
(88, 1, 31, 5, 13, 2, '2017-09-04'),
(89, 1, 18, 4, 12, 2, '2017-09-04'),
(90, 1, 49, 6, 3, 2, '2017-09-04'),
(91, 1, 12, 4, 9, 2, '2017-09-04'),
(92, 1, 10, 6, 7, 2, '2017-09-04'),
(93, 1, 69, 6, 2, 2, '2017-09-04'),
(94, 1, 41, 8, 9, 2, '2017-09-04'),
(95, 1, 25, 1, 5, 2, '2017-09-04'),
(96, 1, 71, 6, 10, 2, '2017-09-04'),
(97, 1, 1, 2, 3, 2, '2017-09-04'),
(98, 1, 57, 7, 6, 2, '2017-09-04'),
(99, 1, 62, 8, 13, 2, '2017-09-04'),
(100, 1, 41, 7, 13, 2, '2017-09-04'),
(101, 1, 11, 2, 12, 2, '2017-09-04'),
(102, 1, 56, 7, 9, 2, '2017-09-04'),
(103, 1, 32, 5, 8, 2, '2017-09-04'),
(104, 1, 7, 8, 11, 2, '2017-09-04'),
(105, 1, 30, 8, 2, 2, '2017-09-04'),
(106, 1, 72, 5, 3, 2, '2017-09-04'),
(107, 1, 36, 1, 13, 2, '2017-09-04'),
(108, 1, 40, 6, 7, 2, '2017-09-04'),
(109, 1, 42, 4, 9, 2, '2017-09-04'),
(110, 1, 10, 9, 1, 2, '2017-09-04'),
(111, 1, 61, 10, 8, 2, '2017-09-04'),
(112, 1, 5, 6, 8, 2, '2017-09-04'),
(113, 1, 45, 3, 5, 2, '2017-09-04'),
(114, 1, 30, 9, 8, 2, '2017-09-04'),
(115, 1, 28, 10, 9, 2, '2017-09-04'),
(116, 1, 28, 5, 3, 2, '2017-09-04'),
(117, 1, 57, 6, 11, 2, '2017-09-04'),
(118, 1, 23, 6, 10, 2, '2017-09-04'),
(119, 1, 65, 7, 9, 2, '2017-09-04'),
(120, 1, 2, 3, 13, 2, '2017-09-04'),
(121, 1, 63, 5, 6, 2, '2017-09-04'),
(122, 1, 16, 8, 9, 2, '2017-09-04'),
(123, 1, 34, 1, 7, 2, '2017-09-04'),
(124, 1, 66, 7, 3, 2, '2017-09-04'),
(125, 1, 17, 2, 9, 2, '2017-09-04'),
(126, 1, 31, 1, 8, 2, '2017-09-04'),
(127, 1, 54, 7, 4, 2, '2017-09-04'),
(128, 1, 26, 1, 11, 2, '2017-09-04'),
(129, 1, 18, 6, 9, 2, '2017-09-04'),
(130, 1, 7, 7, 1, 2, '2017-09-04'),
(131, 1, 41, 7, 7, 2, '2017-09-04'),
(132, 1, 47, 1, 6, 2, '2017-09-04'),
(133, 1, 54, 6, 11, 2, '2017-09-04'),
(134, 1, 30, 10, 8, 2, '2017-09-04'),
(135, 1, 68, 5, 3, 2, '2017-09-04'),
(136, 1, 37, 6, 1, 2, '2017-09-04'),
(137, 1, 71, 7, 6, 2, '2017-09-04'),
(138, 1, 53, 2, 6, 2, '2017-09-04'),
(139, 1, 22, 5, 3, 2, '2017-09-04'),
(140, 1, 63, 1, 12, 2, '2017-09-04'),
(141, 1, 61, 4, 13, 2, '2017-09-04'),
(142, 1, 56, 8, 7, 2, '2017-09-04'),
(143, 1, 48, 6, 12, 2, '2017-09-04'),
(144, 1, 44, 4, 9, 2, '2017-09-04'),
(145, 1, 47, 2, 8, 2, '2017-09-04'),
(146, 1, 48, 4, 1, 2, '2017-09-04'),
(147, 1, 51, 6, 7, 2, '2017-09-04'),
(148, 1, 9, 6, 3, 2, '2017-09-04'),
(149, 1, 38, 8, 2, 3, '2017-09-04'),
(150, 1, 18, 1, 11, 3, '2017-09-04'),
(151, 1, 43, 3, 7, 3, '2017-09-04'),
(152, 1, 31, 10, 6, 3, '2017-09-04'),
(153, 1, 42, 8, 12, 3, '2017-09-04'),
(154, 1, 64, 5, 9, 3, '2017-09-04'),
(155, 1, 21, 4, 8, 3, '2017-09-04'),
(156, 1, 37, 8, 3, 3, '2017-09-04'),
(157, 1, 48, 5, 13, 3, '2017-09-04'),
(158, 1, 48, 2, 4, 3, '2017-09-04'),
(159, 1, 26, 8, 3, 3, '2017-09-04'),
(160, 1, 33, 3, 10, 3, '2017-09-04'),
(161, 1, 20, 3, 6, 3, '2017-09-04'),
(162, 1, 66, 8, 6, 3, '2017-09-04'),
(163, 1, 65, 5, 5, 3, '2017-09-04'),
(164, 1, 33, 3, 1, 3, '2017-09-04'),
(165, 1, 11, 3, 4, 3, '2017-09-04'),
(166, 1, 4, 4, 13, 3, '2017-09-04'),
(167, 1, 50, 7, 14, 3, '2017-09-04'),
(168, 1, 71, 6, 8, 3, '2017-09-04'),
(169, 1, 18, 5, 11, 3, '2017-09-04'),
(170, 1, 58, 6, 10, 3, '2017-09-04'),
(171, 1, 10, 3, 13, 3, '2017-09-04'),
(172, 1, 20, 7, 11, 3, '2017-09-04'),
(173, 1, 41, 8, 3, 3, '2017-09-04'),
(174, 1, 43, 2, 7, 3, '2017-09-04'),
(175, 1, 9, 8, 9, 3, '2017-09-04'),
(176, 1, 30, 2, 2, 3, '2017-09-04'),
(177, 1, 38, 4, 6, 3, '2017-09-04'),
(178, 1, 23, 5, 9, 3, '2017-09-04'),
(179, 1, 26, 4, 10, 3, '2017-09-04'),
(180, 1, 8, 8, 11, 3, '2017-09-04'),
(181, 1, 35, 3, 6, 3, '2017-09-04'),
(182, 1, 3, 8, 14, 3, '2017-09-04'),
(183, 1, 23, 10, 6, 3, '2017-09-04'),
(184, 1, 46, 7, 6, 3, '2017-09-04'),
(185, 1, 59, 7, 1, 3, '2017-09-04'),
(186, 1, 20, 8, 13, 3, '2017-09-04'),
(187, 1, 27, 6, 2, 3, '2017-09-04'),
(188, 1, 60, 9, 6, 3, '2017-09-04'),
(189, 1, 34, 7, 6, 3, '2017-09-04'),
(190, 1, 68, 2, 12, 3, '2017-09-04'),
(191, 1, 10, 4, 14, 3, '2017-09-04'),
(192, 1, 45, 1, 2, 3, '2017-09-04'),
(193, 1, 17, 6, 5, 3, '2017-09-04'),
(194, 1, 68, 2, 10, 3, '2017-09-04'),
(195, 1, 53, 2, 10, 3, '2017-09-04'),
(196, 1, 13, 3, 13, 3, '2017-09-04'),
(197, 1, 44, 8, 11, 3, '2017-09-04'),
(198, 1, 19, 8, 8, 3, '2017-09-04'),
(199, 1, 9, 5, 6, 3, '2017-09-04'),
(200, 1, 71, 2, 1, 3, '2017-09-04'),
(201, 1, 50, 1, 9, 3, '2017-09-04'),
(202, 1, 46, 2, 10, 3, '2017-09-04'),
(203, 1, 50, 1, 4, 3, '2017-09-04'),
(204, 1, 67, 6, 7, 3, '2017-09-04'),
(205, 1, 53, 2, 3, 3, '2017-09-04'),
(206, 1, 63, 9, 13, 3, '2017-09-04'),
(207, 1, 61, 5, 6, 3, '2017-09-04'),
(208, 1, 60, 6, 11, 3, '2017-09-04'),
(209, 1, 69, 7, 11, 3, '2017-09-04'),
(210, 1, 28, 8, 2, 3, '2017-09-04'),
(211, 1, 46, 1, 6, 3, '2017-09-04'),
(212, 1, 22, 9, 14, 3, '2017-09-04'),
(213, 1, 18, 9, 4, 3, '2017-09-04'),
(214, 1, 32, 6, 7, 3, '2017-09-04'),
(215, 1, 52, 6, 8, 3, '2017-09-04'),
(216, 1, 45, 10, 6, 3, '2017-09-04'),
(217, 1, 17, 1, 1, 3, '2017-09-04'),
(218, 1, 50, 4, 3, 3, '2017-09-04'),
(219, 1, 27, 7, 9, 3, '2017-09-04'),
(220, 1, 24, 6, 6, 3, '2017-09-04'),
(221, 1, 37, 9, 3, 3, '2017-09-04'),
(222, 1, 14, 8, 3, 3, '2017-09-04'),
(223, 1, 30, 10, 10, 4, '2017-09-04'),
(224, 1, 16, 9, 9, 4, '2017-09-04'),
(225, 1, 30, 3, 7, 4, '2017-09-04'),
(226, 1, 42, 9, 6, 4, '2017-09-04'),
(227, 1, 60, 4, 13, 4, '2017-09-04'),
(228, 2, 38, 8, 2, 4, '2017-09-04'),
(229, 2, 4, 6, 3, 4, '2017-09-04'),
(230, 2, 66, 5, 11, 4, '2017-09-04'),
(231, 1, 6, 9, 7, 4, '2017-09-04'),
(232, 1, 2, 5, 8, 4, '2017-09-04'),
(233, 1, 6, 3, 10, 4, '2017-09-04'),
(234, 1, 37, 1, 3, 4, '2017-09-04'),
(235, 1, 43, 7, 13, 4, '2017-09-04'),
(236, 2, 42, 4, 1, 4, '2017-09-04'),
(237, 2, 7, 3, 9, 4, '2017-09-04'),
(238, 2, 14, 3, 8, 4, '2017-09-04'),
(239, 2, 68, 10, 3, 4, '2017-09-04'),
(240, 1, 19, 4, 9, 4, '2017-09-04'),
(241, 1, 59, 3, 12, 4, '2017-09-04'),
(242, 1, 50, 7, 6, 4, '2017-09-04'),
(243, 1, 56, 8, 2, 4, '2017-09-04'),
(244, 2, 14, 3, 11, 4, '2017-09-04'),
(245, 2, 3, 8, 5, 4, '2017-09-04'),
(246, 2, 34, 8, 10, 4, '2017-09-04'),
(247, 2, 60, 8, 13, 4, '2017-09-04'),
(248, 2, 29, 7, 1, 4, '2017-09-04'),
(249, 2, 42, 3, 6, 4, '2017-09-04'),
(250, 2, 24, 5, 2, 4, '2017-09-04'),
(251, 2, 61, 6, 10, 4, '2017-09-04'),
(252, 1, 72, 4, 10, 4, '2017-09-04'),
(253, 1, 23, 6, 8, 4, '2017-09-04'),
(254, 1, 42, 5, 9, 4, '2017-09-04'),
(255, 1, 72, 2, 9, 4, '2017-09-04'),
(256, 1, 46, 6, 9, 4, '2017-09-04'),
(257, 2, 20, 9, 5, 4, '2017-09-04'),
(258, 2, 3, 3, 11, 4, '2017-09-04'),
(259, 2, 62, 8, 8, 4, '2017-09-04'),
(260, 2, 55, 8, 3, 4, '2017-09-04'),
(261, 1, 71, 5, 12, 4, '2017-09-04'),
(262, 1, 14, 7, 6, 4, '2017-09-04'),
(263, 1, 57, 3, 13, 4, '2017-09-04'),
(264, 1, 44, 8, 4, 4, '2017-09-04'),
(265, 2, 16, 3, 6, 4, '2017-09-04'),
(266, 2, 32, 8, 12, 4, '2017-09-04'),
(267, 2, 25, 5, 5, 4, '2017-09-04'),
(268, 2, 35, 1, 3, 4, '2017-09-04'),
(269, 2, 68, 7, 4, 4, '2017-09-04'),
(270, 2, 26, 2, 5, 4, '2017-09-04'),
(271, 2, 63, 9, 11, 4, '2017-09-04'),
(272, 2, 8, 10, 12, 4, '2017-09-04'),
(273, 1, 10, 7, 7, 4, '2017-09-04'),
(274, 1, 61, 9, 4, 4, '2017-09-04'),
(275, 1, 64, 10, 5, 4, '2017-09-04'),
(276, 1, 56, 5, 9, 4, '2017-09-04'),
(277, 1, 54, 1, 1, 4, '2017-09-04'),
(278, 2, 28, 6, 12, 4, '2017-09-04'),
(279, 2, 10, 9, 3, 4, '2017-09-04'),
(280, 2, 72, 5, 3, 4, '2017-09-04'),
(281, 2, 60, 3, 2, 4, '2017-09-04'),
(282, 1, 5, 3, 8, 4, '2017-09-04'),
(283, 1, 22, 7, 14, 4, '2017-09-04'),
(284, 1, 27, 6, 6, 4, '2017-09-04'),
(285, 1, 4, 6, 9, 4, '2017-09-04'),
(286, 2, 45, 3, 14, 4, '2017-09-04'),
(287, 2, 5, 1, 13, 4, '2017-09-04'),
(288, 2, 24, 4, 4, 4, '2017-09-04'),
(289, 2, 29, 4, 11, 4, '2017-09-04'),
(290, 2, 21, 2, 4, 4, '2017-09-04'),
(291, 1, 28, 6, 3, 4, '2017-09-04'),
(292, 1, 47, 9, 10, 4, '2017-09-04'),
(293, 1, 49, 6, 5, 4, '2017-09-04'),
(294, 1, 34, 9, 11, 4, '2017-09-04'),
(295, 1, 67, 2, 3, 4, '2017-09-04'),
(296, 1, 23, 2, 13, 4, '2017-09-04'),
(297, 1, 11, 7, 4, 1, '2017-09-05'),
(298, 1, 16, 8, 7, 1, '2017-09-05'),
(299, 1, 28, 9, 9, 1, '2017-09-05'),
(300, 1, 29, 9, 8, 1, '2017-09-05'),
(301, 1, 24, 3, 8, 1, '2017-09-05'),
(302, 1, 38, 1, 13, 1, '2017-09-05'),
(303, 1, 38, 2, 11, 1, '2017-09-05'),
(304, 1, 58, 8, 13, 1, '2017-09-05'),
(305, 1, 6, 4, 10, 1, '2017-09-05'),
(306, 1, 16, 4, 10, 1, '2017-09-05'),
(307, 1, 72, 4, 12, 1, '2017-09-05'),
(308, 1, 44, 7, 2, 1, '2017-09-05'),
(309, 1, 67, 7, 12, 1, '2017-09-05'),
(310, 1, 56, 10, 7, 1, '2017-09-05'),
(311, 1, 33, 3, 5, 1, '2017-09-05'),
(312, 1, 39, 7, 2, 1, '2017-09-05'),
(313, 1, 5, 5, 6, 1, '2017-09-05'),
(314, 1, 44, 3, 3, 1, '2017-09-05'),
(315, 1, 6, 6, 7, 1, '2017-09-05'),
(316, 1, 35, 7, 8, 1, '2017-09-05'),
(317, 1, 40, 4, 5, 1, '2017-09-05'),
(318, 1, 6, 8, 10, 1, '2017-09-05'),
(319, 1, 13, 7, 5, 1, '2017-09-05'),
(320, 1, 53, 6, 5, 1, '2017-09-05'),
(321, 1, 40, 2, 4, 1, '2017-09-05'),
(322, 1, 9, 9, 3, 1, '2017-09-05'),
(323, 1, 63, 8, 9, 1, '2017-09-05'),
(324, 1, 37, 6, 2, 1, '2017-09-05'),
(325, 1, 69, 2, 12, 1, '2017-09-05'),
(326, 1, 36, 7, 11, 1, '2017-09-05'),
(327, 1, 41, 1, 5, 1, '2017-09-05'),
(328, 1, 54, 4, 4, 1, '2017-09-05'),
(329, 1, 4, 8, 5, 1, '2017-09-05'),
(330, 1, 33, 9, 13, 1, '2017-09-05'),
(331, 1, 3, 6, 6, 1, '2017-09-05'),
(332, 1, 48, 9, 7, 1, '2017-09-05'),
(333, 1, 64, 7, 13, 1, '2017-09-05'),
(334, 1, 6, 6, 8, 1, '2017-09-05'),
(335, 1, 13, 6, 2, 1, '2017-09-05'),
(336, 1, 61, 2, 11, 1, '2017-09-05'),
(337, 1, 71, 8, 2, 1, '2017-09-05'),
(338, 1, 69, 1, 9, 1, '2017-09-05'),
(339, 1, 3, 7, 7, 1, '2017-09-05'),
(340, 1, 55, 6, 3, 1, '2017-09-05'),
(341, 1, 57, 10, 14, 1, '2017-09-05'),
(342, 1, 36, 1, 12, 1, '2017-09-05'),
(343, 1, 6, 6, 6, 1, '2017-09-05'),
(344, 1, 7, 7, 4, 1, '2017-09-05'),
(345, 1, 38, 9, 3, 1, '2017-09-05'),
(346, 1, 32, 8, 12, 1, '2017-09-05'),
(347, 1, 34, 2, 4, 1, '2017-09-05'),
(348, 1, 67, 8, 12, 1, '2017-09-05'),
(349, 1, 23, 3, 8, 1, '2017-09-05'),
(350, 1, 70, 6, 9, 1, '2017-09-05'),
(351, 1, 25, 8, 5, 1, '2017-09-05'),
(352, 1, 26, 7, 10, 1, '2017-09-05'),
(353, 1, 48, 2, 5, 1, '2017-09-05'),
(354, 1, 6, 7, 2, 1, '2017-09-05'),
(355, 1, 53, 3, 11, 1, '2017-09-05'),
(356, 1, 14, 4, 5, 1, '2017-09-05'),
(357, 1, 29, 3, 11, 1, '2017-09-05'),
(358, 1, 19, 9, 13, 1, '2017-09-05'),
(359, 1, 12, 5, 14, 1, '2017-09-05'),
(360, 1, 39, 5, 7, 1, '2017-09-05'),
(361, 1, 17, 4, 2, 1, '2017-09-05'),
(362, 1, 37, 9, 13, 1, '2017-09-05'),
(363, 1, 38, 7, 4, 1, '2017-09-05'),
(364, 1, 10, 2, 2, 1, '2017-09-05'),
(365, 1, 68, 8, 11, 1, '2017-09-05'),
(366, 1, 52, 4, 11, 1, '2017-09-05'),
(367, 1, 38, 1, 8, 1, '2017-09-05'),
(368, 1, 55, 3, 6, 1, '2017-09-05'),
(369, 1, 27, 4, 8, 1, '2017-09-05'),
(370, 1, 3, 1, 13, 1, '2017-09-05'),
(371, 1, 61, 5, 6, 2, '2017-09-05'),
(372, 1, 62, 9, 14, 2, '2017-09-05'),
(373, 1, 12, 2, 10, 2, '2017-09-05'),
(374, 1, 49, 3, 8, 2, '2017-09-05'),
(375, 1, 48, 7, 12, 2, '2017-09-05'),
(376, 1, 59, 2, 6, 2, '2017-09-05'),
(377, 1, 45, 3, 7, 2, '2017-09-05'),
(378, 1, 59, 8, 7, 2, '2017-09-05'),
(379, 1, 48, 7, 6, 2, '2017-09-05'),
(380, 1, 60, 4, 12, 2, '2017-09-05'),
(381, 1, 34, 4, 3, 2, '2017-09-05'),
(382, 1, 48, 4, 4, 2, '2017-09-05'),
(383, 1, 69, 9, 12, 2, '2017-09-05'),
(384, 1, 53, 7, 10, 2, '2017-09-05'),
(385, 1, 56, 10, 5, 2, '2017-09-05'),
(386, 1, 36, 2, 7, 2, '2017-09-05'),
(387, 1, 18, 7, 13, 2, '2017-09-05'),
(388, 1, 4, 7, 3, 2, '2017-09-05'),
(389, 1, 11, 3, 3, 2, '2017-09-05'),
(390, 1, 2, 5, 2, 2, '2017-09-05'),
(391, 1, 41, 6, 9, 2, '2017-09-05'),
(392, 1, 24, 2, 1, 2, '2017-09-05'),
(393, 1, 15, 7, 6, 2, '2017-09-05'),
(394, 1, 40, 10, 7, 2, '2017-09-05'),
(395, 1, 2, 5, 12, 2, '2017-09-05'),
(396, 1, 14, 2, 5, 2, '2017-09-05'),
(397, 1, 34, 5, 6, 2, '2017-09-05'),
(398, 1, 31, 3, 12, 2, '2017-09-05'),
(399, 1, 48, 8, 7, 2, '2017-09-05'),
(400, 1, 5, 3, 3, 2, '2017-09-05'),
(401, 1, 61, 9, 7, 2, '2017-09-05'),
(402, 1, 10, 9, 11, 2, '2017-09-05'),
(403, 1, 13, 9, 10, 2, '2017-09-05'),
(404, 1, 2, 1, 3, 2, '2017-09-05'),
(405, 1, 40, 2, 3, 2, '2017-09-05'),
(406, 1, 52, 9, 12, 2, '2017-09-05'),
(407, 1, 22, 2, 13, 2, '2017-09-05'),
(408, 1, 65, 9, 11, 2, '2017-09-05'),
(409, 1, 67, 4, 13, 2, '2017-09-05'),
(410, 1, 58, 1, 13, 2, '2017-09-05'),
(411, 1, 56, 5, 5, 2, '2017-09-05'),
(412, 1, 59, 1, 12, 2, '2017-09-05'),
(413, 1, 60, 3, 12, 2, '2017-09-05'),
(414, 1, 54, 2, 9, 2, '2017-09-05'),
(415, 1, 59, 6, 12, 2, '2017-09-05'),
(416, 1, 30, 7, 10, 2, '2017-09-05'),
(417, 1, 11, 8, 9, 2, '2017-09-05'),
(418, 1, 35, 8, 11, 2, '2017-09-05'),
(419, 1, 44, 3, 5, 2, '2017-09-05'),
(420, 1, 70, 7, 6, 2, '2017-09-05'),
(421, 1, 5, 1, 3, 2, '2017-09-05'),
(422, 1, 24, 5, 11, 2, '2017-09-05'),
(423, 1, 8, 2, 3, 2, '2017-09-05'),
(424, 1, 58, 2, 8, 2, '2017-09-05'),
(425, 1, 42, 5, 8, 2, '2017-09-05'),
(426, 1, 36, 3, 5, 2, '2017-09-05'),
(427, 1, 41, 6, 5, 2, '2017-09-05'),
(428, 1, 52, 2, 12, 2, '2017-09-05'),
(429, 1, 7, 4, 12, 2, '2017-09-05'),
(430, 1, 31, 3, 9, 2, '2017-09-05'),
(431, 1, 9, 3, 2, 2, '2017-09-05'),
(432, 1, 23, 2, 10, 2, '2017-09-05'),
(433, 1, 18, 6, 8, 2, '2017-09-05'),
(434, 1, 57, 9, 2, 2, '2017-09-05'),
(435, 1, 48, 2, 11, 2, '2017-09-05'),
(436, 1, 66, 8, 6, 2, '2017-09-05'),
(437, 1, 13, 5, 5, 2, '2017-09-05'),
(438, 1, 24, 9, 8, 2, '2017-09-05'),
(439, 1, 33, 4, 7, 2, '2017-09-05'),
(440, 1, 39, 3, 7, 2, '2017-09-05'),
(441, 1, 12, 8, 7, 2, '2017-09-05'),
(442, 1, 15, 7, 2, 2, '2017-09-05'),
(443, 1, 57, 5, 9, 2, '2017-09-05'),
(444, 1, 6, 2, 13, 2, '2017-09-05'),
(445, 1, 61, 2, 4, 3, '2017-09-05'),
(446, 1, 9, 9, 2, 3, '2017-09-05'),
(447, 1, 11, 6, 7, 3, '2017-09-05'),
(448, 1, 70, 8, 9, 3, '2017-09-05'),
(449, 1, 10, 1, 5, 3, '2017-09-05'),
(450, 1, 67, 6, 9, 3, '2017-09-05'),
(451, 1, 67, 6, 5, 3, '2017-09-05'),
(452, 1, 32, 7, 6, 3, '2017-09-05'),
(453, 1, 45, 3, 10, 3, '2017-09-05'),
(454, 1, 4, 1, 2, 3, '2017-09-05'),
(455, 1, 30, 9, 6, 3, '2017-09-05'),
(456, 1, 51, 1, 14, 3, '2017-09-05'),
(457, 1, 14, 3, 3, 3, '2017-09-05'),
(458, 1, 5, 1, 8, 3, '2017-09-05'),
(459, 1, 8, 9, 10, 3, '2017-09-05'),
(460, 1, 14, 4, 5, 3, '2017-09-05'),
(461, 1, 8, 7, 5, 3, '2017-09-05'),
(462, 1, 19, 5, 4, 3, '2017-09-05'),
(463, 1, 57, 4, 13, 3, '2017-09-05'),
(464, 1, 11, 9, 14, 3, '2017-09-05'),
(465, 1, 38, 6, 14, 3, '2017-09-05'),
(466, 1, 20, 8, 13, 3, '2017-09-05'),
(467, 1, 63, 9, 2, 3, '2017-09-05'),
(468, 1, 54, 3, 11, 3, '2017-09-05'),
(469, 1, 58, 4, 2, 3, '2017-09-05'),
(470, 1, 35, 1, 12, 3, '2017-09-05'),
(471, 1, 2, 2, 14, 3, '2017-09-05'),
(472, 1, 69, 4, 5, 3, '2017-09-05'),
(473, 1, 14, 9, 8, 3, '2017-09-05'),
(474, 1, 45, 7, 12, 3, '2017-09-05'),
(475, 1, 45, 5, 13, 3, '2017-09-05'),
(476, 1, 23, 3, 1, 3, '2017-09-05'),
(477, 1, 47, 6, 11, 3, '2017-09-05'),
(478, 1, 67, 1, 12, 3, '2017-09-05'),
(479, 1, 40, 2, 13, 3, '2017-09-05'),
(480, 1, 4, 7, 6, 3, '2017-09-05'),
(481, 1, 21, 10, 10, 3, '2017-09-05'),
(482, 1, 38, 4, 9, 3, '2017-09-05'),
(483, 1, 17, 2, 8, 3, '2017-09-05'),
(484, 1, 29, 7, 6, 3, '2017-09-05'),
(485, 1, 2, 9, 10, 3, '2017-09-05'),
(486, 1, 19, 7, 7, 3, '2017-09-05'),
(487, 1, 45, 4, 8, 3, '2017-09-05'),
(488, 1, 56, 4, 10, 3, '2017-09-05'),
(489, 1, 69, 9, 6, 3, '2017-09-05'),
(490, 1, 54, 9, 1, 3, '2017-09-05'),
(491, 1, 36, 6, 4, 3, '2017-09-05'),
(492, 1, 41, 8, 11, 3, '2017-09-05'),
(493, 1, 32, 2, 10, 3, '2017-09-05'),
(494, 1, 53, 4, 8, 3, '2017-09-05'),
(495, 1, 71, 8, 7, 3, '2017-09-05'),
(496, 1, 14, 4, 4, 3, '2017-09-05'),
(497, 1, 57, 9, 5, 3, '2017-09-05'),
(498, 1, 47, 4, 7, 3, '2017-09-05'),
(499, 1, 21, 9, 7, 3, '2017-09-05'),
(500, 1, 19, 9, 8, 3, '2017-09-05'),
(501, 1, 68, 10, 5, 3, '2017-09-05'),
(502, 1, 31, 3, 9, 3, '2017-09-05'),
(503, 1, 22, 6, 9, 3, '2017-09-05'),
(504, 1, 31, 10, 3, 3, '2017-09-05'),
(505, 1, 3, 3, 13, 3, '2017-09-05'),
(506, 1, 33, 6, 5, 3, '2017-09-05'),
(507, 1, 8, 9, 2, 3, '2017-09-05'),
(508, 1, 56, 5, 11, 3, '2017-09-05'),
(509, 1, 71, 8, 2, 3, '2017-09-05'),
(510, 1, 47, 8, 6, 3, '2017-09-05'),
(511, 1, 4, 8, 13, 3, '2017-09-05'),
(512, 1, 20, 5, 8, 3, '2017-09-05'),
(513, 1, 22, 3, 8, 3, '2017-09-05'),
(514, 1, 51, 5, 4, 3, '2017-09-05'),
(515, 1, 29, 1, 11, 3, '2017-09-05'),
(516, 1, 25, 9, 4, 3, '2017-09-05'),
(517, 1, 2, 5, 13, 3, '2017-09-05'),
(518, 1, 28, 9, 1, 3, '2017-09-05'),
(519, 1, 16, 7, 9, 4, '2017-09-05'),
(520, 1, 57, 4, 4, 4, '2017-09-05'),
(521, 1, 1, 7, 11, 4, '2017-09-05'),
(522, 1, 59, 6, 11, 4, '2017-09-05'),
(523, 1, 38, 10, 5, 4, '2017-09-05'),
(524, 2, 26, 5, 7, 4, '2017-09-05'),
(525, 2, 50, 7, 14, 4, '2017-09-05'),
(526, 2, 68, 3, 13, 4, '2017-09-05'),
(527, 1, 33, 3, 10, 4, '2017-09-05'),
(528, 1, 7, 3, 13, 4, '2017-09-05'),
(529, 1, 25, 8, 7, 4, '2017-09-05'),
(530, 1, 55, 6, 10, 4, '2017-09-05'),
(531, 1, 18, 5, 9, 4, '2017-09-05'),
(532, 2, 51, 9, 8, 4, '2017-09-05'),
(533, 2, 53, 8, 10, 4, '2017-09-05'),
(534, 2, 52, 6, 4, 4, '2017-09-05'),
(535, 2, 71, 3, 3, 4, '2017-09-05'),
(536, 1, 19, 1, 3, 4, '2017-09-05'),
(537, 1, 65, 9, 11, 4, '2017-09-05'),
(538, 1, 62, 7, 7, 4, '2017-09-05'),
(539, 1, 66, 3, 2, 4, '2017-09-05'),
(540, 2, 16, 3, 9, 4, '2017-09-05'),
(541, 2, 22, 5, 5, 4, '2017-09-05'),
(542, 2, 2, 8, 12, 4, '2017-09-05'),
(543, 2, 6, 9, 10, 4, '2017-09-05'),
(544, 2, 25, 6, 8, 4, '2017-09-05'),
(545, 2, 3, 9, 14, 4, '2017-09-05'),
(546, 2, 53, 9, 4, 4, '2017-09-05'),
(547, 2, 20, 7, 12, 4, '2017-09-05'),
(548, 1, 22, 10, 11, 4, '2017-09-05'),
(549, 1, 8, 3, 2, 4, '2017-09-05'),
(550, 1, 8, 5, 6, 4, '2017-09-05'),
(551, 1, 8, 1, 5, 4, '2017-09-05'),
(552, 1, 41, 5, 6, 4, '2017-09-05'),
(553, 2, 44, 8, 2, 4, '2017-09-05'),
(554, 2, 26, 7, 11, 4, '2017-09-05'),
(555, 2, 61, 9, 8, 4, '2017-09-05'),
(556, 2, 43, 3, 2, 4, '2017-09-05'),
(557, 1, 11, 4, 12, 4, '2017-09-05'),
(558, 1, 21, 8, 4, 4, '2017-09-05'),
(559, 1, 23, 1, 5, 4, '2017-09-05'),
(560, 1, 41, 4, 11, 4, '2017-09-05'),
(561, 2, 42, 6, 13, 4, '2017-09-05'),
(562, 2, 19, 5, 13, 4, '2017-09-05'),
(563, 2, 3, 7, 7, 4, '2017-09-05'),
(564, 2, 63, 4, 6, 4, '2017-09-05'),
(565, 2, 69, 3, 14, 4, '2017-09-05'),
(566, 2, 13, 4, 7, 4, '2017-09-05'),
(567, 2, 15, 5, 3, 4, '2017-09-05'),
(568, 2, 55, 4, 11, 4, '2017-09-05'),
(569, 1, 11, 7, 10, 4, '2017-09-05'),
(570, 1, 57, 9, 4, 4, '2017-09-05'),
(571, 1, 51, 6, 2, 4, '2017-09-05'),
(572, 1, 69, 3, 10, 4, '2017-09-05'),
(573, 1, 48, 1, 11, 4, '2017-09-05'),
(574, 2, 4, 8, 13, 4, '2017-09-05'),
(575, 2, 34, 10, 5, 4, '2017-09-05'),
(576, 2, 69, 7, 6, 4, '2017-09-05'),
(577, 2, 36, 8, 9, 4, '2017-09-05'),
(578, 1, 44, 5, 5, 4, '2017-09-05'),
(579, 1, 42, 4, 13, 4, '2017-09-05'),
(580, 1, 60, 10, 9, 4, '2017-09-05'),
(581, 1, 29, 6, 10, 4, '2017-09-05'),
(582, 2, 27, 3, 11, 4, '2017-09-05'),
(583, 2, 42, 2, 13, 4, '2017-09-05'),
(584, 2, 69, 9, 4, 4, '2017-09-05'),
(585, 2, 13, 5, 10, 4, '2017-09-05'),
(586, 2, 14, 4, 4, 4, '2017-09-05'),
(587, 1, 5, 5, 9, 4, '2017-09-05'),
(588, 1, 62, 9, 5, 4, '2017-09-05'),
(589, 1, 49, 3, 2, 4, '2017-09-05'),
(590, 1, 28, 9, 12, 4, '2017-09-05'),
(591, 1, 8, 4, 10, 4, '2017-09-05'),
(592, 1, 24, 1, 13, 4, '2017-09-05'),
(593, 1, 8, 3, 6, 1, '2017-09-06'),
(594, 1, 39, 6, 4, 1, '2017-09-06'),
(595, 1, 60, 8, 5, 1, '2017-09-06'),
(596, 1, 8, 3, 8, 1, '2017-09-06'),
(597, 1, 7, 5, 9, 1, '2017-09-06'),
(598, 1, 63, 2, 12, 1, '2017-09-06'),
(599, 1, 33, 7, 9, 1, '2017-09-06'),
(600, 1, 23, 5, 10, 1, '2017-09-06'),
(601, 1, 18, 8, 10, 1, '2017-09-06'),
(602, 1, 71, 8, 12, 1, '2017-09-06'),
(603, 1, 3, 9, 5, 1, '2017-09-06'),
(604, 1, 59, 9, 3, 1, '2017-09-06'),
(605, 1, 59, 10, 10, 1, '2017-09-06'),
(606, 1, 2, 5, 9, 1, '2017-09-06'),
(607, 1, 33, 8, 7, 1, '2017-09-06'),
(608, 1, 63, 5, 4, 1, '2017-09-06'),
(609, 1, 60, 3, 7, 1, '2017-09-06'),
(610, 1, 11, 4, 1, 1, '2017-09-06'),
(611, 1, 70, 2, 3, 1, '2017-09-06'),
(612, 1, 3, 5, 14, 1, '2017-09-06'),
(613, 1, 49, 10, 5, 1, '2017-09-06'),
(614, 1, 31, 3, 11, 1, '2017-09-06'),
(615, 1, 28, 7, 6, 1, '2017-09-06'),
(616, 1, 60, 7, 3, 1, '2017-09-06'),
(617, 1, 21, 8, 4, 1, '2017-09-06'),
(618, 1, 67, 7, 2, 1, '2017-09-06'),
(619, 1, 47, 7, 7, 1, '2017-09-06'),
(620, 1, 17, 3, 7, 1, '2017-09-06'),
(621, 1, 62, 3, 3, 1, '2017-09-06'),
(622, 1, 15, 3, 10, 1, '2017-09-06'),
(623, 1, 55, 1, 11, 1, '2017-09-06'),
(624, 1, 11, 9, 10, 1, '2017-09-06'),
(625, 1, 47, 4, 1, 1, '2017-09-06'),
(626, 1, 56, 9, 13, 1, '2017-09-06'),
(627, 1, 54, 2, 6, 1, '2017-09-06'),
(628, 1, 18, 7, 4, 1, '2017-09-06'),
(629, 1, 15, 2, 3, 1, '2017-09-06'),
(630, 1, 17, 4, 5, 1, '2017-09-06'),
(631, 1, 48, 7, 7, 1, '2017-09-06'),
(632, 1, 22, 1, 3, 1, '2017-09-06'),
(633, 1, 62, 2, 4, 1, '2017-09-06'),
(634, 1, 68, 5, 5, 1, '2017-09-06'),
(635, 1, 22, 7, 5, 1, '2017-09-06'),
(636, 1, 14, 8, 10, 1, '2017-09-06'),
(637, 1, 12, 9, 14, 1, '2017-09-06'),
(638, 1, 39, 9, 12, 1, '2017-09-06'),
(639, 1, 50, 4, 7, 1, '2017-09-06'),
(640, 1, 62, 2, 9, 1, '2017-09-06'),
(641, 1, 29, 9, 13, 1, '2017-09-06'),
(642, 1, 66, 7, 4, 1, '2017-09-06'),
(643, 1, 69, 2, 13, 1, '2017-09-06'),
(644, 1, 38, 2, 1, 1, '2017-09-06'),
(645, 1, 28, 9, 5, 1, '2017-09-06'),
(646, 1, 57, 6, 8, 1, '2017-09-06'),
(647, 1, 46, 9, 4, 1, '2017-09-06'),
(648, 1, 8, 10, 13, 1, '2017-09-06'),
(649, 1, 49, 4, 14, 1, '2017-09-06'),
(650, 1, 71, 2, 7, 1, '2017-09-06'),
(651, 1, 72, 4, 3, 1, '2017-09-06'),
(652, 1, 26, 8, 12, 1, '2017-09-06'),
(653, 1, 68, 6, 11, 1, '2017-09-06'),
(654, 1, 67, 3, 5, 1, '2017-09-06'),
(655, 1, 47, 8, 4, 1, '2017-09-06'),
(656, 1, 58, 4, 10, 1, '2017-09-06'),
(657, 1, 11, 10, 7, 1, '2017-09-06'),
(658, 1, 70, 4, 3, 1, '2017-09-06'),
(659, 1, 55, 6, 3, 1, '2017-09-06'),
(660, 1, 50, 4, 7, 1, '2017-09-06'),
(661, 1, 7, 7, 12, 1, '2017-09-06'),
(662, 1, 63, 9, 4, 1, '2017-09-06'),
(663, 1, 11, 3, 2, 1, '2017-09-06'),
(664, 1, 12, 6, 5, 1, '2017-09-06'),
(665, 1, 59, 8, 2, 1, '2017-09-06'),
(666, 1, 69, 10, 10, 1, '2017-09-06'),
(667, 1, 62, 6, 11, 2, '2017-09-06'),
(668, 1, 67, 10, 13, 2, '2017-09-06'),
(669, 1, 54, 5, 10, 2, '2017-09-06'),
(670, 1, 32, 4, 10, 2, '2017-09-06'),
(671, 1, 17, 1, 5, 2, '2017-09-06'),
(672, 1, 52, 2, 4, 2, '2017-09-06'),
(673, 1, 46, 2, 10, 2, '2017-09-06'),
(674, 1, 21, 1, 10, 2, '2017-09-06'),
(675, 1, 3, 6, 12, 2, '2017-09-06'),
(676, 1, 34, 4, 9, 2, '2017-09-06'),
(677, 1, 44, 7, 2, 2, '2017-09-06'),
(678, 1, 21, 6, 13, 2, '2017-09-06'),
(679, 1, 62, 2, 13, 2, '2017-09-06'),
(680, 1, 51, 7, 6, 2, '2017-09-06'),
(681, 1, 18, 3, 5, 2, '2017-09-06'),
(682, 1, 40, 9, 8, 2, '2017-09-06'),
(683, 1, 31, 4, 12, 2, '2017-09-06'),
(684, 1, 29, 1, 5, 2, '2017-09-06'),
(685, 1, 56, 3, 3, 2, '2017-09-06'),
(686, 1, 7, 9, 9, 2, '2017-09-06'),
(687, 1, 38, 2, 6, 2, '2017-09-06'),
(688, 1, 11, 6, 11, 2, '2017-09-06'),
(689, 1, 44, 6, 10, 2, '2017-09-06'),
(690, 1, 63, 5, 5, 2, '2017-09-06'),
(691, 1, 55, 2, 3, 2, '2017-09-06'),
(692, 1, 26, 10, 13, 2, '2017-09-06'),
(693, 1, 10, 5, 2, 2, '2017-09-06'),
(694, 1, 56, 7, 11, 2, '2017-09-06'),
(695, 1, 47, 1, 8, 2, '2017-09-06'),
(696, 1, 23, 4, 11, 2, '2017-09-06'),
(697, 1, 7, 9, 7, 2, '2017-09-06'),
(698, 1, 9, 7, 5, 2, '2017-09-06'),
(699, 1, 71, 6, 5, 2, '2017-09-06'),
(700, 1, 35, 9, 3, 2, '2017-09-06'),
(701, 1, 20, 2, 10, 2, '2017-09-06'),
(702, 1, 62, 2, 13, 2, '2017-09-06'),
(703, 1, 39, 5, 8, 2, '2017-09-06'),
(704, 1, 22, 7, 3, 2, '2017-09-06'),
(705, 1, 15, 8, 2, 2, '2017-09-06'),
(706, 1, 29, 8, 3, 2, '2017-09-06'),
(707, 1, 36, 4, 7, 2, '2017-09-06'),
(708, 1, 38, 9, 7, 2, '2017-09-06'),
(709, 1, 6, 9, 12, 2, '2017-09-06'),
(710, 1, 70, 9, 4, 2, '2017-09-06'),
(711, 1, 71, 2, 4, 2, '2017-09-06'),
(712, 1, 45, 6, 12, 2, '2017-09-06'),
(713, 1, 3, 1, 4, 2, '2017-09-06'),
(714, 1, 42, 8, 8, 2, '2017-09-06'),
(715, 1, 8, 6, 11, 2, '2017-09-06'),
(716, 1, 3, 6, 9, 2, '2017-09-06'),
(717, 1, 65, 5, 11, 2, '2017-09-06'),
(718, 1, 34, 7, 4, 2, '2017-09-06'),
(719, 1, 40, 4, 4, 2, '2017-09-06'),
(720, 1, 72, 8, 3, 2, '2017-09-06'),
(721, 1, 20, 5, 3, 2, '2017-09-06'),
(722, 1, 72, 5, 9, 2, '2017-09-06'),
(723, 1, 42, 2, 4, 2, '2017-09-06'),
(724, 1, 50, 3, 4, 2, '2017-09-06'),
(725, 1, 32, 2, 13, 2, '2017-09-06'),
(726, 1, 12, 8, 5, 2, '2017-09-06'),
(727, 1, 23, 4, 10, 2, '2017-09-06'),
(728, 1, 21, 8, 6, 2, '2017-09-06'),
(729, 1, 55, 6, 1, 2, '2017-09-06'),
(730, 1, 20, 9, 5, 2, '2017-09-06'),
(731, 1, 60, 1, 13, 2, '2017-09-06'),
(732, 1, 59, 6, 8, 2, '2017-09-06'),
(733, 1, 9, 7, 11, 2, '2017-09-06'),
(734, 1, 18, 7, 13, 2, '2017-09-06'),
(735, 1, 34, 6, 9, 2, '2017-09-06'),
(736, 1, 34, 9, 10, 2, '2017-09-06'),
(737, 1, 62, 3, 9, 2, '2017-09-06'),
(738, 1, 14, 9, 7, 2, '2017-09-06'),
(739, 1, 47, 4, 11, 2, '2017-09-06'),
(740, 1, 68, 8, 13, 2, '2017-09-06'),
(741, 1, 16, 2, 9, 3, '2017-09-06'),
(742, 1, 17, 2, 2, 3, '2017-09-06'),
(743, 1, 28, 7, 11, 3, '2017-09-06'),
(744, 1, 60, 4, 12, 3, '2017-09-06'),
(745, 1, 19, 9, 1, 3, '2017-09-06'),
(746, 1, 59, 4, 9, 3, '2017-09-06'),
(747, 1, 13, 7, 10, 3, '2017-09-06'),
(748, 1, 36, 4, 6, 3, '2017-09-06'),
(749, 1, 38, 4, 11, 3, '2017-09-06'),
(750, 1, 8, 2, 3, 3, '2017-09-06'),
(751, 1, 20, 5, 5, 3, '2017-09-06'),
(752, 1, 19, 1, 5, 3, '2017-09-06'),
(753, 1, 36, 1, 9, 3, '2017-09-06'),
(754, 1, 49, 9, 8, 3, '2017-09-06'),
(755, 1, 66, 2, 4, 3, '2017-09-06'),
(756, 1, 49, 7, 11, 3, '2017-09-06'),
(757, 1, 53, 2, 7, 3, '2017-09-06'),
(758, 1, 38, 4, 13, 3, '2017-09-06'),
(759, 1, 49, 3, 11, 3, '2017-09-06'),
(760, 1, 41, 1, 6, 3, '2017-09-06'),
(761, 1, 13, 8, 11, 3, '2017-09-06'),
(762, 1, 3, 5, 13, 3, '2017-09-06'),
(763, 1, 33, 5, 10, 3, '2017-09-06'),
(764, 1, 31, 2, 14, 3, '2017-09-06'),
(765, 1, 22, 8, 9, 3, '2017-09-06'),
(766, 1, 21, 7, 7, 3, '2017-09-06'),
(767, 1, 23, 4, 5, 3, '2017-09-06'),
(768, 1, 8, 8, 6, 3, '2017-09-06'),
(769, 1, 43, 4, 5, 3, '2017-09-06'),
(770, 1, 25, 10, 8, 3, '2017-09-06'),
(771, 1, 46, 8, 9, 3, '2017-09-06'),
(772, 1, 33, 6, 5, 3, '2017-09-06'),
(773, 1, 6, 10, 8, 3, '2017-09-06'),
(774, 1, 52, 9, 1, 3, '2017-09-06'),
(775, 1, 55, 5, 11, 3, '2017-09-06'),
(776, 1, 28, 8, 2, 3, '2017-09-06'),
(777, 1, 19, 5, 7, 3, '2017-09-06'),
(778, 1, 57, 7, 2, 3, '2017-09-06'),
(779, 1, 47, 3, 1, 3, '2017-09-06'),
(780, 1, 40, 2, 10, 3, '2017-09-06'),
(781, 1, 35, 2, 5, 3, '2017-09-06'),
(782, 1, 26, 2, 13, 3, '2017-09-06'),
(783, 1, 50, 3, 13, 3, '2017-09-06'),
(784, 1, 60, 5, 13, 3, '2017-09-06'),
(785, 1, 59, 7, 5, 3, '2017-09-06'),
(786, 1, 1, 5, 5, 3, '2017-09-06'),
(787, 1, 29, 2, 5, 3, '2017-09-06'),
(788, 1, 60, 8, 9, 3, '2017-09-06'),
(789, 1, 29, 3, 11, 3, '2017-09-06'),
(790, 1, 48, 7, 6, 3, '2017-09-06'),
(791, 1, 50, 6, 1, 3, '2017-09-06'),
(792, 1, 51, 2, 4, 3, '2017-09-06'),
(793, 1, 52, 10, 4, 3, '2017-09-06'),
(794, 1, 61, 7, 6, 3, '2017-09-06'),
(795, 1, 59, 7, 13, 3, '2017-09-06'),
(796, 1, 22, 3, 3, 3, '2017-09-06'),
(797, 1, 35, 3, 10, 3, '2017-09-06'),
(798, 1, 69, 9, 13, 3, '2017-09-06'),
(799, 1, 52, 6, 6, 3, '2017-09-06'),
(800, 1, 13, 5, 4, 3, '2017-09-06'),
(801, 1, 35, 7, 10, 3, '2017-09-06'),
(802, 1, 27, 4, 4, 3, '2017-09-06'),
(803, 1, 40, 3, 5, 3, '2017-09-06'),
(804, 1, 24, 2, 9, 3, '2017-09-06'),
(805, 1, 26, 10, 8, 3, '2017-09-06'),
(806, 1, 25, 4, 11, 3, '2017-09-06'),
(807, 1, 23, 5, 4, 3, '2017-09-06'),
(808, 1, 25, 5, 10, 3, '2017-09-06'),
(809, 1, 41, 9, 10, 3, '2017-09-06'),
(810, 1, 58, 7, 3, 3, '2017-09-06'),
(811, 1, 32, 3, 10, 3, '2017-09-06'),
(812, 1, 34, 6, 12, 3, '2017-09-06'),
(813, 1, 21, 2, 7, 3, '2017-09-06'),
(814, 1, 60, 4, 11, 3, '2017-09-06'),
(815, 1, 14, 4, 1, 4, '2017-09-06'),
(816, 1, 49, 9, 2, 4, '2017-09-06'),
(817, 1, 64, 1, 12, 4, '2017-09-06'),
(818, 1, 62, 2, 6, 4, '2017-09-06'),
(819, 1, 39, 4, 10, 4, '2017-09-06'),
(820, 2, 16, 10, 9, 4, '2017-09-06'),
(821, 2, 34, 9, 10, 4, '2017-09-06'),
(822, 2, 47, 6, 9, 4, '2017-09-06'),
(823, 1, 51, 2, 2, 4, '2017-09-06'),
(824, 1, 23, 2, 8, 4, '2017-09-06'),
(825, 1, 1, 3, 3, 4, '2017-09-06'),
(826, 1, 65, 9, 13, 4, '2017-09-06'),
(827, 1, 58, 9, 13, 4, '2017-09-06'),
(828, 2, 3, 2, 8, 4, '2017-09-06'),
(829, 2, 72, 6, 10, 4, '2017-09-06'),
(830, 2, 40, 3, 3, 4, '2017-09-06'),
(831, 2, 58, 7, 1, 4, '2017-09-06'),
(832, 1, 44, 7, 6, 4, '2017-09-06'),
(833, 1, 56, 2, 7, 4, '2017-09-06'),
(834, 1, 38, 9, 6, 4, '2017-09-06'),
(835, 1, 26, 5, 2, 4, '2017-09-06'),
(836, 2, 29, 8, 10, 4, '2017-09-06'),
(837, 2, 33, 8, 6, 4, '2017-09-06'),
(838, 2, 24, 6, 11, 4, '2017-09-06'),
(839, 2, 41, 10, 8, 4, '2017-09-06'),
(840, 2, 57, 7, 1, 4, '2017-09-06'),
(841, 2, 60, 1, 4, 4, '2017-09-06'),
(842, 2, 69, 9, 3, 4, '2017-09-06'),
(843, 2, 28, 10, 11, 4, '2017-09-06'),
(844, 1, 6, 1, 9, 4, '2017-09-06'),
(845, 1, 8, 5, 3, 4, '2017-09-06'),
(846, 1, 34, 9, 5, 4, '2017-09-06'),
(847, 1, 39, 2, 4, 4, '2017-09-06'),
(848, 1, 55, 3, 2, 4, '2017-09-06'),
(849, 2, 42, 4, 4, 4, '2017-09-06'),
(850, 2, 64, 8, 4, 4, '2017-09-06'),
(851, 2, 57, 10, 11, 4, '2017-09-06'),
(852, 2, 27, 4, 8, 4, '2017-09-06'),
(853, 1, 48, 8, 1, 4, '2017-09-06'),
(854, 1, 60, 6, 6, 4, '2017-09-06'),
(855, 1, 37, 4, 5, 4, '2017-09-06'),
(856, 1, 69, 1, 6, 4, '2017-09-06'),
(857, 2, 57, 9, 13, 4, '2017-09-06'),
(858, 2, 14, 9, 14, 4, '2017-09-06'),
(859, 2, 16, 4, 5, 4, '2017-09-06'),
(860, 2, 48, 3, 6, 4, '2017-09-06'),
(861, 2, 61, 8, 12, 4, '2017-09-06'),
(862, 2, 42, 9, 8, 4, '2017-09-06'),
(863, 2, 3, 1, 3, 4, '2017-09-06'),
(864, 2, 30, 3, 3, 4, '2017-09-06'),
(865, 1, 65, 3, 13, 4, '2017-09-06'),
(866, 1, 62, 3, 2, 4, '2017-09-06'),
(867, 1, 67, 6, 6, 4, '2017-09-06'),
(868, 1, 71, 4, 13, 4, '2017-09-06'),
(869, 1, 29, 1, 12, 4, '2017-09-06'),
(870, 2, 13, 9, 13, 4, '2017-09-06'),
(871, 2, 37, 8, 1, 4, '2017-09-06'),
(872, 2, 63, 9, 10, 4, '2017-09-06'),
(873, 2, 66, 2, 2, 4, '2017-09-06'),
(874, 1, 10, 4, 6, 4, '2017-09-06'),
(875, 1, 17, 9, 4, 4, '2017-09-06'),
(876, 1, 52, 3, 9, 4, '2017-09-06'),
(877, 1, 52, 5, 3, 4, '2017-09-06'),
(878, 2, 31, 2, 10, 4, '2017-09-06'),
(879, 2, 68, 8, 10, 4, '2017-09-06'),
(880, 2, 9, 10, 7, 4, '2017-09-06'),
(881, 2, 62, 4, 14, 4, '2017-09-06'),
(882, 2, 41, 8, 5, 4, '2017-09-06'),
(883, 1, 34, 10, 1, 4, '2017-09-06'),
(884, 1, 31, 4, 12, 4, '2017-09-06'),
(885, 1, 24, 7, 7, 4, '2017-09-06'),
(886, 1, 60, 5, 13, 4, '2017-09-06'),
(887, 1, 19, 5, 11, 4, '2017-09-06'),
(888, 1, 23, 6, 13, 4, '2017-09-06'),
(889, 1, 70, 1, 2, 1, '2017-09-06'),
(890, 1, 33, 2, 12, 1, '2017-09-07'),
(891, 1, 52, 8, 11, 1, '2017-09-07'),
(892, 1, 61, 5, 11, 1, '2017-09-07'),
(893, 1, 49, 7, 8, 1, '2017-09-07'),
(894, 1, 65, 2, 3, 1, '2017-09-07'),
(895, 1, 24, 6, 6, 1, '2017-09-07'),
(896, 1, 45, 8, 6, 1, '2017-09-07'),
(897, 1, 33, 1, 10, 1, '2017-09-07'),
(898, 1, 17, 7, 4, 1, '2017-09-07'),
(899, 1, 7, 10, 12, 1, '2017-09-07'),
(900, 1, 70, 8, 12, 1, '2017-09-07'),
(901, 1, 61, 5, 10, 1, '2017-09-07'),
(902, 1, 46, 6, 11, 1, '2017-09-07'),
(903, 1, 38, 5, 8, 1, '2017-09-07'),
(904, 1, 53, 5, 10, 1, '2017-09-07'),
(905, 1, 57, 8, 9, 1, '2017-09-07'),
(906, 1, 68, 9, 5, 1, '2017-09-07'),
(907, 1, 45, 10, 6, 1, '2017-09-07'),
(908, 1, 21, 4, 6, 1, '2017-09-07'),
(909, 1, 46, 6, 6, 1, '2017-09-07'),
(910, 1, 14, 1, 10, 1, '2017-09-07'),
(911, 1, 72, 4, 7, 1, '2017-09-07'),
(912, 1, 54, 10, 3, 1, '2017-09-07'),
(913, 1, 65, 4, 13, 1, '2017-09-07'),
(914, 1, 6, 3, 3, 1, '2017-09-07'),
(915, 1, 60, 4, 4, 1, '2017-09-07'),
(916, 1, 2, 8, 11, 1, '2017-09-07'),
(917, 1, 34, 2, 9, 1, '2017-09-07'),
(918, 1, 42, 5, 12, 1, '2017-09-07'),
(919, 1, 38, 5, 4, 1, '2017-09-07'),
(920, 1, 4, 5, 13, 1, '2017-09-07'),
(921, 1, 46, 3, 10, 1, '2017-09-07'),
(922, 1, 19, 7, 13, 1, '2017-09-07'),
(923, 1, 66, 3, 3, 1, '2017-09-07'),
(924, 1, 51, 1, 6, 1, '2017-09-07'),
(925, 1, 57, 9, 14, 1, '2017-09-07'),
(926, 1, 44, 4, 6, 1, '2017-09-07'),
(927, 1, 69, 3, 12, 1, '2017-09-07'),
(928, 1, 20, 9, 2, 1, '2017-09-07'),
(929, 1, 9, 2, 12, 1, '2017-09-07'),
(930, 1, 16, 2, 13, 1, '2017-09-07'),
(931, 1, 37, 4, 5, 1, '2017-09-07'),
(932, 1, 56, 7, 8, 1, '2017-09-07'),
(933, 1, 12, 8, 6, 1, '2017-09-07'),
(934, 1, 56, 4, 4, 1, '2017-09-07'),
(935, 1, 27, 5, 8, 1, '2017-09-07'),
(936, 1, 41, 4, 3, 1, '2017-09-07'),
(937, 1, 43, 6, 9, 1, '2017-09-07'),
(938, 1, 62, 9, 4, 1, '2017-09-07'),
(939, 1, 7, 3, 12, 1, '2017-09-07'),
(940, 1, 13, 7, 13, 1, '2017-09-07'),
(941, 1, 71, 2, 6, 1, '2017-09-07'),
(942, 1, 36, 5, 7, 1, '2017-09-07'),
(943, 1, 52, 4, 1, 1, '2017-09-07'),
(944, 1, 55, 7, 4, 1, '2017-09-07'),
(945, 1, 71, 3, 4, 1, '2017-09-07'),
(946, 1, 33, 8, 4, 1, '2017-09-07'),
(947, 1, 3, 3, 4, 1, '2017-09-07'),
(948, 1, 22, 8, 5, 1, '2017-09-07'),
(949, 1, 55, 2, 1, 1, '2017-09-07'),
(950, 1, 20, 5, 8, 1, '2017-09-07'),
(951, 1, 23, 1, 13, 1, '2017-09-07'),
(952, 1, 61, 4, 2, 1, '2017-09-07'),
(953, 1, 70, 6, 5, 1, '2017-09-07'),
(954, 1, 65, 4, 9, 1, '2017-09-07'),
(955, 1, 24, 9, 8, 1, '2017-09-07'),
(956, 1, 67, 8, 1, 1, '2017-09-07'),
(957, 1, 10, 6, 5, 1, '2017-09-07'),
(958, 1, 7, 2, 4, 1, '2017-09-07'),
(959, 1, 49, 6, 8, 1, '2017-09-07'),
(960, 1, 34, 2, 8, 1, '2017-09-07'),
(961, 1, 57, 5, 12, 1, '2017-09-07'),
(962, 1, 17, 1, 3, 1, '2017-09-07'),
(963, 1, 58, 6, 10, 2, '2017-09-07'),
(964, 1, 22, 2, 13, 2, '2017-09-07'),
(965, 1, 25, 8, 7, 2, '2017-09-07'),
(966, 1, 67, 9, 12, 2, '2017-09-07'),
(967, 1, 17, 10, 4, 2, '2017-09-07'),
(968, 1, 43, 9, 8, 2, '2017-09-07'),
(969, 1, 45, 3, 3, 2, '2017-09-07'),
(970, 1, 6, 7, 9, 2, '2017-09-07'),
(971, 1, 7, 10, 14, 2, '2017-09-07'),
(972, 1, 25, 5, 7, 2, '2017-09-07'),
(973, 1, 39, 4, 12, 2, '2017-09-07'),
(974, 1, 28, 8, 13, 2, '2017-09-07'),
(975, 1, 37, 5, 8, 2, '2017-09-07'),
(976, 1, 18, 6, 3, 2, '2017-09-07'),
(977, 1, 42, 3, 9, 2, '2017-09-07'),
(978, 1, 33, 10, 3, 2, '2017-09-07'),
(979, 1, 9, 4, 1, 2, '2017-09-07'),
(980, 1, 72, 3, 5, 2, '2017-09-07'),
(981, 1, 39, 2, 3, 2, '2017-09-07'),
(982, 1, 27, 1, 9, 2, '2017-09-07'),
(983, 1, 70, 10, 13, 2, '2017-09-07'),
(984, 1, 34, 8, 8, 2, '2017-09-07'),
(985, 1, 27, 7, 12, 2, '2017-09-07'),
(986, 1, 37, 6, 6, 2, '2017-09-07'),
(987, 1, 25, 4, 1, 2, '2017-09-07'),
(988, 1, 52, 8, 13, 2, '2017-09-07'),
(989, 1, 23, 4, 7, 2, '2017-09-07'),
(990, 1, 2, 2, 6, 2, '2017-09-07'),
(991, 1, 41, 2, 13, 2, '2017-09-07'),
(992, 1, 24, 8, 4, 2, '2017-09-07'),
(993, 1, 38, 8, 7, 2, '2017-09-07'),
(994, 1, 31, 8, 13, 2, '2017-09-07'),
(995, 1, 36, 9, 1, 2, '2017-09-07'),
(996, 1, 3, 4, 10, 2, '2017-09-07'),
(997, 1, 2, 3, 4, 2, '2017-09-07'),
(998, 1, 52, 2, 9, 2, '2017-09-07'),
(999, 1, 52, 10, 7, 2, '2017-09-07'),
(1000, 1, 5, 10, 11, 2, '2017-09-07'),
(1001, 1, 25, 3, 13, 2, '2017-09-07'),
(1002, 1, 43, 7, 13, 2, '2017-09-07'),
(1003, 1, 1, 10, 10, 2, '2017-09-07'),
(1004, 1, 19, 7, 9, 2, '2017-09-07'),
(1005, 1, 53, 9, 2, 2, '2017-09-07'),
(1006, 1, 12, 1, 4, 2, '2017-09-07'),
(1007, 1, 14, 9, 13, 2, '2017-09-07'),
(1008, 1, 24, 9, 10, 2, '2017-09-07'),
(1009, 1, 23, 5, 2, 2, '2017-09-07'),
(1010, 1, 48, 8, 7, 2, '2017-09-07'),
(1011, 1, 6, 6, 12, 2, '2017-09-07'),
(1012, 1, 24, 10, 5, 2, '2017-09-07'),
(1013, 1, 56, 3, 4, 2, '2017-09-07'),
(1014, 1, 45, 6, 8, 2, '2017-09-07'),
(1015, 1, 25, 6, 12, 2, '2017-09-07'),
(1016, 1, 49, 3, 10, 2, '2017-09-07'),
(1017, 1, 26, 8, 7, 2, '2017-09-07'),
(1018, 1, 68, 4, 10, 2, '2017-09-07'),
(1019, 1, 21, 3, 14, 2, '2017-09-07'),
(1020, 1, 59, 6, 4, 2, '2017-09-07'),
(1021, 1, 45, 5, 7, 2, '2017-09-07'),
(1022, 1, 26, 4, 10, 2, '2017-09-07'),
(1023, 1, 12, 8, 5, 2, '2017-09-07'),
(1024, 1, 72, 3, 3, 2, '2017-09-07'),
(1025, 1, 37, 3, 2, 2, '2017-09-07'),
(1026, 1, 57, 2, 8, 2, '2017-09-07'),
(1027, 1, 70, 8, 9, 2, '2017-09-07'),
(1028, 1, 70, 2, 6, 2, '2017-09-07'),
(1029, 1, 38, 10, 1, 2, '2017-09-07'),
(1030, 1, 3, 1, 4, 2, '2017-09-07'),
(1031, 1, 59, 3, 10, 2, '2017-09-07'),
(1032, 1, 19, 6, 10, 2, '2017-09-07'),
(1033, 1, 25, 4, 13, 2, '2017-09-07'),
(1034, 1, 15, 6, 10, 2, '2017-09-07'),
(1035, 1, 7, 2, 13, 2, '2017-09-07'),
(1036, 1, 66, 4, 13, 2, '2017-09-07'),
(1037, 1, 50, 10, 9, 3, '2017-09-07'),
(1038, 1, 31, 2, 6, 3, '2017-09-07'),
(1039, 1, 71, 7, 11, 3, '2017-09-07'),
(1040, 1, 14, 9, 11, 3, '2017-09-07'),
(1041, 1, 68, 3, 4, 3, '2017-09-07'),
(1042, 1, 32, 9, 12, 3, '2017-09-07'),
(1043, 1, 53, 10, 13, 3, '2017-09-07'),
(1044, 1, 5, 6, 10, 3, '2017-09-07'),
(1045, 1, 8, 2, 8, 3, '2017-09-07'),
(1046, 1, 8, 6, 3, 3, '2017-09-07'),
(1047, 1, 43, 9, 1, 3, '2017-09-07'),
(1048, 1, 19, 2, 5, 3, '2017-09-07'),
(1049, 1, 45, 5, 13, 3, '2017-09-07'),
(1050, 1, 65, 7, 2, 3, '2017-09-07'),
(1051, 1, 27, 8, 14, 3, '2017-09-07'),
(1052, 1, 36, 2, 14, 3, '2017-09-07'),
(1053, 1, 70, 7, 3, 3, '2017-09-07'),
(1054, 1, 24, 8, 14, 3, '2017-09-07'),
(1055, 1, 28, 8, 7, 3, '2017-09-07'),
(1056, 1, 48, 6, 5, 3, '2017-09-07'),
(1057, 1, 7, 6, 4, 3, '2017-09-07'),
(1058, 1, 5, 7, 13, 3, '2017-09-07'),
(1059, 1, 43, 2, 12, 3, '2017-09-07'),
(1060, 1, 46, 6, 3, 3, '2017-09-07'),
(1061, 1, 59, 8, 14, 3, '2017-09-07'),
(1062, 1, 5, 10, 10, 3, '2017-09-07'),
(1063, 1, 68, 3, 3, 3, '2017-09-07'),
(1064, 1, 36, 4, 11, 3, '2017-09-07'),
(1065, 1, 29, 2, 7, 3, '2017-09-07'),
(1066, 1, 32, 4, 6, 3, '2017-09-07'),
(1067, 1, 38, 7, 9, 3, '2017-09-07'),
(1068, 1, 63, 5, 12, 3, '2017-09-07'),
(1069, 1, 11, 4, 10, 3, '2017-09-07'),
(1070, 1, 5, 1, 9, 3, '2017-09-07'),
(1071, 1, 39, 9, 3, 3, '2017-09-07'),
(1072, 1, 2, 10, 10, 3, '2017-09-07'),
(1073, 1, 31, 5, 11, 3, '2017-09-07'),
(1074, 1, 63, 7, 13, 3, '2017-09-07'),
(1075, 1, 65, 10, 11, 3, '2017-09-07'),
(1076, 1, 36, 9, 9, 3, '2017-09-07'),
(1077, 1, 59, 7, 4, 3, '2017-09-07'),
(1078, 1, 8, 1, 11, 3, '2017-09-07'),
(1079, 1, 26, 1, 7, 3, '2017-09-07'),
(1080, 1, 4, 6, 5, 3, '2017-09-07'),
(1081, 1, 2, 9, 5, 3, '2017-09-07'),
(1082, 1, 59, 7, 1, 3, '2017-09-07'),
(1083, 1, 53, 3, 8, 3, '2017-09-07'),
(1084, 1, 41, 8, 12, 3, '2017-09-07'),
(1085, 1, 68, 10, 4, 3, '2017-09-07'),
(1086, 1, 33, 7, 4, 3, '2017-09-07'),
(1087, 1, 41, 8, 12, 3, '2017-09-07'),
(1088, 1, 38, 1, 3, 3, '2017-09-07'),
(1089, 1, 57, 9, 2, 3, '2017-09-07'),
(1090, 1, 53, 6, 7, 3, '2017-09-07'),
(1091, 1, 40, 8, 6, 3, '2017-09-07'),
(1092, 1, 7, 4, 2, 3, '2017-09-07'),
(1093, 1, 37, 6, 5, 3, '2017-09-07'),
(1094, 1, 19, 3, 10, 3, '2017-09-07'),
(1095, 1, 65, 4, 8, 3, '2017-09-07'),
(1096, 1, 9, 1, 8, 3, '2017-09-07'),
(1097, 1, 32, 6, 6, 3, '2017-09-07'),
(1098, 1, 47, 8, 8, 3, '2017-09-07'),
(1099, 1, 28, 2, 2, 3, '2017-09-07'),
(1100, 1, 14, 6, 5, 3, '2017-09-07'),
(1101, 1, 38, 4, 8, 3, '2017-09-07'),
(1102, 1, 15, 3, 12, 3, '2017-09-07'),
(1103, 1, 63, 9, 14, 3, '2017-09-07'),
(1104, 1, 4, 9, 13, 3, '2017-09-07'),
(1105, 1, 59, 7, 2, 3, '2017-09-07'),
(1106, 1, 66, 3, 7, 3, '2017-09-07'),
(1107, 1, 19, 4, 2, 3, '2017-09-07'),
(1108, 1, 32, 2, 2, 3, '2017-09-07'),
(1109, 1, 63, 8, 6, 3, '2017-09-07'),
(1110, 1, 18, 8, 5, 3, '2017-09-07'),
(1111, 1, 46, 5, 11, 4, '2017-09-07'),
(1112, 1, 66, 8, 13, 4, '2017-09-07'),
(1113, 1, 39, 9, 3, 4, '2017-09-07'),
(1114, 1, 67, 6, 3, 4, '2017-09-07'),
(1115, 1, 29, 5, 8, 4, '2017-09-07'),
(1116, 2, 25, 3, 5, 4, '2017-09-07'),
(1117, 2, 57, 6, 6, 4, '2017-09-07'),
(1118, 2, 39, 4, 4, 4, '2017-09-07'),
(1119, 1, 34, 4, 11, 4, '2017-09-07'),
(1120, 1, 60, 6, 6, 4, '2017-09-07'),
(1121, 1, 19, 2, 2, 4, '2017-09-07'),
(1122, 1, 9, 7, 3, 4, '2017-09-07'),
(1123, 1, 1, 4, 11, 4, '2017-09-07'),
(1124, 2, 67, 4, 1, 4, '2017-09-07'),
(1125, 2, 64, 4, 12, 4, '2017-09-07'),
(1126, 2, 27, 3, 7, 4, '2017-09-07'),
(1127, 2, 66, 7, 6, 4, '2017-09-07'),
(1128, 1, 37, 4, 13, 4, '2017-09-07'),
(1129, 1, 39, 2, 13, 4, '2017-09-07'),
(1130, 1, 69, 2, 12, 4, '2017-09-07'),
(1131, 1, 47, 3, 10, 4, '2017-09-07'),
(1132, 2, 34, 7, 6, 4, '2017-09-07'),
(1133, 2, 63, 5, 4, 4, '2017-09-07'),
(1134, 2, 21, 2, 9, 4, '2017-09-07'),
(1135, 2, 32, 4, 11, 4, '2017-09-07'),
(1136, 2, 38, 9, 7, 4, '2017-09-07'),
(1137, 2, 28, 10, 12, 4, '2017-09-07'),
(1138, 2, 17, 2, 2, 4, '2017-09-07'),
(1139, 2, 28, 9, 9, 4, '2017-09-07'),
(1140, 1, 20, 2, 10, 4, '2017-09-07'),
(1141, 1, 63, 5, 13, 4, '2017-09-07'),
(1142, 1, 29, 9, 4, 4, '2017-09-07'),
(1143, 1, 60, 9, 3, 4, '2017-09-07'),
(1144, 1, 54, 9, 10, 4, '2017-09-07'),
(1145, 2, 25, 8, 6, 4, '2017-09-07'),
(1146, 2, 18, 1, 2, 4, '2017-09-07'),
(1147, 2, 23, 2, 14, 4, '2017-09-07'),
(1148, 2, 51, 7, 10, 4, '2017-09-07'),
(1149, 1, 30, 4, 3, 4, '2017-09-07'),
(1150, 1, 46, 4, 2, 4, '2017-09-07'),
(1151, 1, 17, 7, 14, 4, '2017-09-07'),
(1152, 1, 63, 2, 1, 4, '2017-09-07'),
(1153, 2, 24, 4, 3, 4, '2017-09-07'),
(1154, 2, 22, 6, 6, 4, '2017-09-07'),
(1155, 2, 71, 3, 14, 4, '2017-09-07'),
(1156, 2, 21, 1, 8, 4, '2017-09-07'),
(1157, 2, 64, 10, 9, 4, '2017-09-07'),
(1158, 2, 30, 9, 9, 4, '2017-09-07'),
(1159, 2, 43, 1, 10, 4, '2017-09-07'),
(1160, 2, 6, 8, 3, 4, '2017-09-07'),
(1161, 1, 67, 8, 10, 4, '2017-09-07'),
(1162, 1, 21, 6, 12, 4, '2017-09-07'),
(1163, 1, 18, 3, 1, 4, '2017-09-07'),
(1164, 1, 59, 2, 10, 4, '2017-09-07'),
(1165, 1, 68, 5, 11, 4, '2017-09-07'),
(1166, 2, 5, 3, 12, 4, '2017-09-07'),
(1167, 2, 7, 3, 8, 4, '2017-09-07'),
(1168, 2, 54, 6, 5, 4, '2017-09-07'),
(1169, 2, 36, 8, 3, 4, '2017-09-07'),
(1170, 1, 23, 8, 8, 4, '2017-09-07'),
(1171, 1, 56, 2, 6, 4, '2017-09-07'),
(1172, 1, 62, 8, 2, 4, '2017-09-07'),
(1173, 1, 7, 6, 11, 4, '2017-09-07'),
(1174, 2, 52, 8, 8, 4, '2017-09-07'),
(1175, 2, 59, 5, 10, 4, '2017-09-07'),
(1176, 2, 33, 9, 7, 4, '2017-09-07'),
(1177, 2, 53, 4, 4, 4, '2017-09-07'),
(1178, 2, 39, 5, 6, 4, '2017-09-07'),
(1179, 1, 24, 6, 13, 4, '2017-09-07'),
(1180, 1, 4, 6, 2, 4, '2017-09-07'),
(1181, 1, 24, 5, 14, 4, '2017-09-07'),
(1182, 1, 10, 4, 8, 4, '2017-09-07'),
(1183, 1, 28, 10, 13, 4, '2017-09-07'),
(1184, 1, 67, 6, 4, 4, '2017-09-07'),
(1185, 1, 69, 6, 9, 1, '2017-09-08'),
(1186, 1, 10, 3, 6, 1, '2017-09-08'),
(1187, 1, 33, 4, 2, 1, '2017-09-08'),
(1188, 1, 56, 2, 2, 1, '2017-09-08'),
(1189, 1, 9, 5, 7, 1, '2017-09-08'),
(1190, 1, 50, 9, 8, 1, '2017-09-08'),
(1191, 1, 70, 2, 6, 1, '2017-09-08'),
(1192, 1, 18, 8, 8, 1, '2017-09-08'),
(1193, 1, 2, 4, 10, 1, '2017-09-08'),
(1194, 1, 21, 8, 3, 1, '2017-09-08'),
(1195, 1, 67, 3, 10, 1, '2017-09-08'),
(1196, 1, 67, 6, 10, 1, '2017-09-08'),
(1197, 1, 7, 9, 1, 1, '2017-09-08'),
(1198, 1, 36, 4, 14, 1, '2017-09-08'),
(1199, 1, 5, 7, 5, 1, '2017-09-08'),
(1200, 1, 4, 9, 13, 1, '2017-09-08'),
(1201, 1, 54, 3, 7, 1, '2017-09-08'),
(1202, 1, 28, 2, 10, 1, '2017-09-08'),
(1203, 1, 60, 5, 6, 1, '2017-09-08'),
(1204, 1, 46, 6, 6, 1, '2017-09-08'),
(1205, 1, 31, 3, 8, 1, '2017-09-08'),
(1206, 1, 48, 7, 10, 1, '2017-09-08'),
(1207, 1, 56, 3, 13, 1, '2017-09-08'),
(1208, 1, 2, 6, 5, 1, '2017-09-08'),
(1209, 1, 15, 9, 8, 1, '2017-09-08'),
(1210, 1, 30, 8, 11, 1, '2017-09-08'),
(1211, 1, 14, 4, 9, 1, '2017-09-08'),
(1212, 1, 21, 1, 5, 1, '2017-09-08'),
(1213, 1, 56, 2, 5, 1, '2017-09-08'),
(1214, 1, 47, 2, 13, 1, '2017-09-08'),
(1215, 1, 66, 2, 12, 1, '2017-09-08'),
(1216, 1, 27, 6, 10, 1, '2017-09-08'),
(1217, 1, 23, 1, 2, 1, '2017-09-08'),
(1218, 1, 21, 7, 7, 1, '2017-09-08'),
(1219, 1, 18, 2, 3, 1, '2017-09-08'),
(1220, 1, 46, 8, 11, 1, '2017-09-08'),
(1221, 1, 56, 8, 14, 1, '2017-09-08'),
(1222, 1, 57, 3, 11, 1, '2017-09-08'),
(1223, 1, 37, 4, 11, 1, '2017-09-08'),
(1224, 1, 36, 7, 13, 1, '2017-09-08'),
(1225, 1, 24, 7, 6, 1, '2017-09-08'),
(1226, 1, 31, 2, 9, 1, '2017-09-08'),
(1227, 1, 31, 9, 9, 1, '2017-09-08'),
(1228, 1, 71, 4, 8, 1, '2017-09-08'),
(1229, 1, 26, 4, 13, 1, '2017-09-08'),
(1230, 1, 64, 4, 2, 1, '2017-09-08'),
(1231, 1, 4, 4, 5, 1, '2017-09-08'),
(1232, 1, 55, 6, 13, 1, '2017-09-08'),
(1233, 1, 60, 10, 10, 1, '2017-09-08'),
(1234, 1, 37, 8, 4, 1, '2017-09-08'),
(1235, 1, 62, 7, 14, 1, '2017-09-08'),
(1236, 1, 40, 7, 10, 1, '2017-09-08'),
(1237, 1, 34, 4, 2, 1, '2017-09-08'),
(1238, 1, 69, 3, 11, 1, '2017-09-08'),
(1239, 1, 29, 2, 2, 1, '2017-09-08'),
(1240, 1, 29, 7, 8, 1, '2017-09-08'),
(1241, 1, 26, 4, 6, 1, '2017-09-08'),
(1242, 1, 16, 9, 13, 1, '2017-09-08'),
(1243, 1, 40, 2, 8, 1, '2017-09-08'),
(1244, 1, 64, 4, 13, 1, '2017-09-08'),
(1245, 1, 44, 4, 5, 1, '2017-09-08'),
(1246, 1, 9, 7, 14, 1, '2017-09-08'),
(1247, 1, 14, 7, 6, 1, '2017-09-08'),
(1248, 1, 39, 8, 2, 1, '2017-09-08'),
(1249, 1, 47, 6, 11, 1, '2017-09-08'),
(1250, 1, 11, 4, 12, 1, '2017-09-08'),
(1251, 1, 10, 8, 10, 1, '2017-09-08'),
(1252, 1, 40, 8, 8, 1, '2017-09-08'),
(1253, 1, 58, 1, 13, 1, '2017-09-08'),
(1254, 1, 43, 1, 12, 1, '2017-09-08'),
(1255, 1, 2, 10, 1, 1, '2017-09-08'),
(1256, 1, 24, 7, 5, 1, '2017-09-08'),
(1257, 1, 42, 7, 8, 1, '2017-09-08'),
(1258, 1, 69, 5, 11, 2, '2017-09-08'),
(1259, 1, 26, 4, 11, 2, '2017-09-08'),
(1260, 1, 51, 1, 6, 2, '2017-09-08'),
(1261, 1, 32, 6, 3, 2, '2017-09-08'),
(1262, 1, 57, 4, 11, 2, '2017-09-08'),
(1263, 1, 8, 9, 12, 2, '2017-09-08'),
(1264, 1, 21, 2, 5, 2, '2017-09-08'),
(1265, 1, 44, 2, 4, 2, '2017-09-08'),
(1266, 1, 36, 3, 3, 2, '2017-09-08'),
(1267, 1, 7, 10, 8, 2, '2017-09-08'),
(1268, 1, 7, 1, 13, 2, '2017-09-08'),
(1269, 1, 32, 10, 12, 2, '2017-09-08'),
(1270, 1, 44, 3, 5, 2, '2017-09-08'),
(1271, 1, 49, 6, 3, 2, '2017-09-08'),
(1272, 1, 46, 2, 13, 2, '2017-09-08'),
(1273, 1, 70, 2, 4, 2, '2017-09-08'),
(1274, 1, 5, 9, 8, 2, '2017-09-08'),
(1275, 1, 71, 10, 5, 2, '2017-09-08'),
(1276, 1, 61, 4, 6, 2, '2017-09-08'),
(1277, 1, 25, 5, 3, 2, '2017-09-08'),
(1278, 1, 53, 3, 2, 2, '2017-09-08'),
(1279, 1, 69, 1, 3, 2, '2017-09-08'),
(1280, 1, 60, 8, 8, 2, '2017-09-08'),
(1281, 1, 32, 8, 2, 2, '2017-09-08'),
(1282, 1, 69, 3, 2, 2, '2017-09-08'),
(1283, 1, 56, 2, 1, 2, '2017-09-08'),
(1284, 1, 55, 9, 3, 2, '2017-09-08'),
(1285, 1, 55, 3, 11, 2, '2017-09-08'),
(1286, 1, 17, 7, 7, 2, '2017-09-08'),
(1287, 1, 55, 1, 12, 2, '2017-09-08'),
(1288, 1, 21, 9, 13, 2, '2017-09-08'),
(1289, 1, 45, 3, 7, 2, '2017-09-08'),
(1290, 1, 67, 7, 6, 2, '2017-09-08'),
(1291, 1, 17, 6, 5, 2, '2017-09-08'),
(1292, 1, 26, 5, 13, 2, '2017-09-08'),
(1293, 1, 49, 2, 5, 2, '2017-09-08'),
(1294, 1, 5, 5, 14, 2, '2017-09-08'),
(1295, 1, 51, 6, 10, 2, '2017-09-08'),
(1296, 1, 4, 1, 5, 2, '2017-09-08'),
(1297, 1, 9, 4, 10, 2, '2017-09-08'),
(1298, 1, 67, 3, 5, 2, '2017-09-08'),
(1299, 1, 45, 7, 10, 2, '2017-09-08'),
(1300, 1, 18, 6, 10, 2, '2017-09-08'),
(1301, 1, 18, 4, 6, 2, '2017-09-08'),
(1302, 1, 65, 5, 7, 2, '2017-09-08'),
(1303, 1, 8, 2, 9, 2, '2017-09-08'),
(1304, 1, 55, 4, 5, 2, '2017-09-08'),
(1305, 1, 2, 1, 3, 2, '2017-09-08'),
(1306, 1, 65, 9, 7, 2, '2017-09-08'),
(1307, 1, 69, 4, 8, 2, '2017-09-08'),
(1308, 1, 50, 3, 13, 2, '2017-09-08'),
(1309, 1, 12, 6, 2, 2, '2017-09-08'),
(1310, 1, 71, 9, 14, 2, '2017-09-08'),
(1311, 1, 30, 6, 3, 2, '2017-09-08'),
(1312, 1, 51, 2, 8, 2, '2017-09-08'),
(1313, 1, 20, 5, 14, 2, '2017-09-08'),
(1314, 1, 49, 3, 6, 2, '2017-09-08'),
(1315, 1, 55, 3, 13, 2, '2017-09-08'),
(1316, 1, 6, 7, 3, 2, '2017-09-08'),
(1317, 1, 61, 5, 13, 2, '2017-09-08'),
(1318, 1, 11, 6, 2, 2, '2017-09-08'),
(1319, 1, 28, 3, 8, 2, '2017-09-08'),
(1320, 1, 66, 6, 7, 2, '2017-09-08'),
(1321, 1, 35, 2, 11, 2, '2017-09-08'),
(1322, 1, 9, 10, 5, 2, '2017-09-08'),
(1323, 1, 34, 2, 9, 2, '2017-09-08'),
(1324, 1, 51, 2, 11, 2, '2017-09-08'),
(1325, 1, 8, 9, 1, 2, '2017-09-08'),
(1326, 1, 58, 3, 7, 2, '2017-09-08'),
(1327, 1, 52, 5, 3, 2, '2017-09-08'),
(1328, 1, 33, 8, 7, 2, '2017-09-08'),
(1329, 1, 38, 8, 3, 2, '2017-09-08'),
(1330, 1, 15, 5, 7, 2, '2017-09-08'),
(1331, 1, 36, 6, 3, 2, '2017-09-08'),
(1332, 1, 43, 5, 5, 3, '2017-09-08'),
(1333, 1, 29, 4, 2, 3, '2017-09-08'),
(1334, 1, 30, 1, 11, 3, '2017-09-08'),
(1335, 1, 37, 10, 10, 3, '2017-09-08'),
(1336, 1, 62, 9, 14, 3, '2017-09-08'),
(1337, 1, 40, 7, 7, 3, '2017-09-08'),
(1338, 1, 30, 6, 7, 3, '2017-09-08'),
(1339, 1, 62, 7, 4, 3, '2017-09-08'),
(1340, 1, 33, 5, 8, 3, '2017-09-08'),
(1341, 1, 64, 1, 14, 3, '2017-09-08'),
(1342, 1, 47, 4, 3, 3, '2017-09-08'),
(1343, 1, 11, 2, 4, 3, '2017-09-08'),
(1344, 1, 44, 10, 9, 3, '2017-09-08'),
(1345, 1, 65, 1, 12, 3, '2017-09-08'),
(1346, 1, 8, 8, 4, 3, '2017-09-08'),
(1347, 1, 41, 4, 3, 3, '2017-09-08'),
(1348, 1, 57, 10, 11, 3, '2017-09-08'),
(1349, 1, 67, 10, 11, 3, '2017-09-08'),
(1350, 1, 3, 5, 7, 3, '2017-09-08'),
(1351, 1, 69, 3, 5, 3, '2017-09-08'),
(1352, 1, 59, 5, 10, 3, '2017-09-08'),
(1353, 1, 24, 7, 8, 3, '2017-09-08'),
(1354, 1, 10, 4, 5, 3, '2017-09-08'),
(1355, 1, 30, 8, 2, 3, '2017-09-08'),
(1356, 1, 7, 9, 5, 3, '2017-09-08'),
(1357, 1, 24, 7, 10, 3, '2017-09-08'),
(1358, 1, 32, 2, 6, 3, '2017-09-08'),
(1359, 1, 34, 6, 6, 3, '2017-09-08'),
(1360, 1, 3, 7, 8, 3, '2017-09-08'),
(1361, 1, 13, 4, 5, 3, '2017-09-08'),
(1362, 1, 34, 2, 10, 3, '2017-09-08'),
(1363, 1, 45, 6, 11, 3, '2017-09-08'),
(1364, 1, 14, 1, 13, 3, '2017-09-08'),
(1365, 1, 9, 4, 4, 3, '2017-09-08'),
(1366, 1, 71, 2, 7, 3, '2017-09-08'),
(1367, 1, 14, 10, 5, 3, '2017-09-08'),
(1368, 1, 4, 3, 6, 3, '2017-09-08'),
(1369, 1, 62, 9, 12, 3, '2017-09-08'),
(1370, 1, 6, 2, 4, 3, '2017-09-08'),
(1371, 1, 69, 10, 7, 3, '2017-09-08'),
(1372, 1, 52, 3, 12, 3, '2017-09-08'),
(1373, 1, 2, 1, 11, 3, '2017-09-08'),
(1374, 1, 54, 2, 8, 3, '2017-09-08'),
(1375, 1, 10, 6, 10, 3, '2017-09-08'),
(1376, 1, 3, 7, 11, 3, '2017-09-08'),
(1377, 1, 18, 7, 5, 3, '2017-09-08'),
(1378, 1, 55, 10, 3, 3, '2017-09-08'),
(1379, 1, 40, 3, 11, 3, '2017-09-08'),
(1380, 1, 53, 10, 2, 3, '2017-09-08'),
(1381, 1, 41, 8, 9, 3, '2017-09-08'),
(1382, 1, 64, 9, 3, 3, '2017-09-08'),
(1383, 1, 68, 3, 11, 3, '2017-09-08'),
(1384, 1, 46, 6, 11, 3, '2017-09-08'),
(1385, 1, 36, 7, 3, 3, '2017-09-08'),
(1386, 1, 24, 6, 4, 3, '2017-09-08'),
(1387, 1, 21, 6, 6, 3, '2017-09-08'),
(1388, 1, 25, 8, 10, 3, '2017-09-08'),
(1389, 1, 52, 1, 9, 3, '2017-09-08'),
(1390, 1, 48, 7, 6, 3, '2017-09-08'),
(1391, 1, 44, 4, 3, 3, '2017-09-08'),
(1392, 1, 19, 9, 9, 3, '2017-09-08'),
(1393, 1, 40, 3, 2, 3, '2017-09-08'),
(1394, 1, 49, 4, 13, 3, '2017-09-08'),
(1395, 1, 62, 8, 9, 3, '2017-09-08'),
(1396, 1, 46, 4, 10, 3, '2017-09-08'),
(1397, 1, 19, 5, 2, 3, '2017-09-08'),
(1398, 1, 55, 1, 3, 3, '2017-09-08'),
(1399, 1, 56, 9, 1, 3, '2017-09-08'),
(1400, 1, 33, 6, 5, 3, '2017-09-08'),
(1401, 1, 23, 5, 8, 3, '2017-09-08'),
(1402, 1, 12, 7, 12, 3, '2017-09-08'),
(1403, 1, 34, 4, 6, 3, '2017-09-08'),
(1404, 1, 45, 8, 8, 3, '2017-09-08');
INSERT INTO `obecnosci` (`id_obecnosci`, `id_rodzaj_obecnosci`, `id_ucznia`, `id_przedmiotu`, `id_nauczyciela`, `nr_lekcji`, `data`) VALUES
(1405, 1, 51, 9, 4, 3, '2017-09-08'),
(1406, 1, 46, 9, 7, 4, '2017-09-08'),
(1407, 1, 56, 5, 10, 4, '2017-09-08'),
(1408, 1, 37, 5, 4, 4, '2017-09-08'),
(1409, 1, 29, 8, 9, 4, '2017-09-08'),
(1410, 1, 1, 6, 8, 4, '2017-09-08'),
(1411, 2, 4, 6, 11, 4, '2017-09-08'),
(1412, 2, 22, 3, 13, 4, '2017-09-08'),
(1413, 2, 65, 3, 8, 4, '2017-09-08'),
(1414, 1, 71, 9, 2, 4, '2017-09-08'),
(1415, 1, 17, 6, 5, 4, '2017-09-08'),
(1416, 1, 1, 6, 3, 4, '2017-09-08'),
(1417, 1, 34, 3, 8, 4, '2017-09-08'),
(1418, 1, 63, 7, 13, 4, '2017-09-08'),
(1419, 2, 18, 9, 5, 4, '2017-09-08'),
(1420, 2, 62, 5, 11, 4, '2017-09-08'),
(1421, 2, 16, 2, 2, 4, '2017-09-08'),
(1422, 2, 31, 10, 10, 4, '2017-09-08'),
(1423, 1, 20, 5, 12, 4, '2017-09-08'),
(1424, 1, 49, 6, 3, 4, '2017-09-08'),
(1425, 1, 24, 3, 9, 4, '2017-09-08'),
(1426, 1, 39, 5, 4, 4, '2017-09-08'),
(1427, 2, 69, 8, 13, 4, '2017-09-08'),
(1428, 2, 8, 7, 4, 4, '2017-09-08'),
(1429, 2, 24, 8, 10, 4, '2017-09-08'),
(1430, 2, 11, 4, 3, 4, '2017-09-08'),
(1431, 2, 27, 4, 13, 4, '2017-09-08'),
(1432, 2, 20, 3, 12, 4, '2017-09-08'),
(1433, 2, 37, 2, 2, 4, '2017-09-08'),
(1434, 2, 51, 8, 14, 4, '2017-09-08'),
(1435, 1, 33, 4, 6, 4, '2017-09-08'),
(1436, 1, 58, 9, 12, 4, '2017-09-08'),
(1437, 1, 54, 1, 3, 4, '2017-09-08'),
(1438, 1, 65, 8, 2, 4, '2017-09-08'),
(1439, 1, 64, 2, 13, 4, '2017-09-08'),
(1440, 2, 42, 4, 8, 4, '2017-09-08'),
(1441, 2, 40, 5, 5, 4, '2017-09-08'),
(1442, 2, 67, 9, 14, 4, '2017-09-08'),
(1443, 2, 16, 6, 8, 4, '2017-09-08'),
(1444, 1, 27, 9, 1, 4, '2017-09-08'),
(1445, 1, 59, 5, 9, 4, '2017-09-08'),
(1446, 1, 64, 7, 10, 4, '2017-09-08'),
(1447, 1, 7, 9, 13, 4, '2017-09-08'),
(1448, 2, 45, 3, 7, 4, '2017-09-08'),
(1449, 2, 62, 5, 1, 4, '2017-09-08'),
(1450, 2, 50, 8, 6, 4, '2017-09-08'),
(1451, 2, 24, 2, 12, 4, '2017-09-08'),
(1452, 2, 40, 1, 5, 4, '2017-09-08'),
(1453, 2, 34, 5, 6, 4, '2017-09-08'),
(1454, 2, 70, 9, 1, 4, '2017-09-08'),
(1455, 2, 68, 1, 8, 4, '2017-09-08'),
(1456, 1, 63, 7, 10, 4, '2017-09-08'),
(1457, 1, 21, 6, 12, 4, '2017-09-08'),
(1458, 1, 41, 9, 7, 4, '2017-09-08'),
(1459, 1, 40, 5, 1, 4, '2017-09-08'),
(1460, 1, 17, 8, 1, 4, '2017-09-08'),
(1461, 2, 37, 8, 2, 4, '2017-09-08'),
(1462, 2, 60, 7, 4, 4, '2017-09-08'),
(1463, 2, 34, 5, 1, 4, '2017-09-08'),
(1464, 2, 50, 4, 5, 4, '2017-09-08'),
(1465, 1, 11, 8, 6, 4, '2017-09-08'),
(1466, 1, 39, 7, 10, 4, '2017-09-08'),
(1467, 1, 67, 7, 1, 4, '2017-09-08'),
(1468, 1, 31, 1, 12, 4, '2017-09-08'),
(1469, 2, 43, 8, 2, 4, '2017-09-08'),
(1470, 2, 32, 6, 11, 4, '2017-09-08'),
(1471, 2, 48, 7, 11, 4, '2017-09-08'),
(1472, 2, 32, 10, 13, 4, '2017-09-08'),
(1473, 2, 56, 8, 5, 4, '2017-09-08'),
(1474, 1, 25, 7, 3, 4, '2017-09-08'),
(1475, 1, 18, 4, 13, 4, '2017-09-08'),
(1476, 1, 66, 1, 10, 4, '2017-09-08'),
(1477, 1, 15, 2, 4, 4, '2017-09-08'),
(1478, 1, 57, 7, 2, 4, '2017-09-08'),
(1479, 1, 23, 9, 11, 4, '2017-09-08');

-- --------------------------------------------------------

--
-- Struktura tabeli dla tabeli `oceny`
--

CREATE TABLE `oceny` (
  `id_oceny` int(11) NOT NULL,
  `id_ucznia` int(11) NOT NULL,
  `id_nauczyciela` int(11) NOT NULL,
  `id_rodzaj_oceny` int(11) NOT NULL,
  `id_przedmiotu` int(11) NOT NULL,
  `ocena` char(2) COLLATE utf8_polish_ci NOT NULL,
  `data` date NOT NULL
) ENGINE=InnoDB DEFAULT CHARSET=utf8 COLLATE=utf8_polish_ci;

--
-- Zrzut danych tabeli `oceny`
--

INSERT INTO `oceny` (`id_oceny`, `id_ucznia`, `id_nauczyciela`, `id_rodzaj_oceny`, `id_przedmiotu`, `ocena`, `data`) VALUES
(1, 33, 6, 4, 9, '1', '2017-09-15'),
(2, 49, 12, 2, 7, '2', '2017-09-16'),
(3, 15, 1, 2, 8, '3', '2017-09-17'),
(4, 40, 4, 3, 3, '4', '2017-09-18'),
(5, 69, 2, 2, 9, '5', '2017-09-19'),
(6, 25, 11, 4, 3, '6', '2017-09-20'),
(7, 15, 11, 3, 2, '1', '2017-09-21'),
(8, 22, 10, 2, 4, '2', '2017-09-22'),
(9, 22, 12, 1, 9, '3', '2017-09-23'),
(10, 71, 11, 2, 3, '4', '2017-09-24'),
(11, 58, 11, 3, 8, '5', '2017-09-25'),
(12, 65, 1, 2, 7, '6', '2017-09-26'),
(13, 67, 14, 1, 5, '1', '2017-09-27'),
(14, 59, 12, 3, 5, '2', '2017-09-28'),
(15, 28, 10, 2, 9, '3', '2017-09-29'),
(16, 49, 4, 3, 6, '4', '2017-09-30'),
(17, 67, 10, 4, 2, '5', '2017-10-01'),
(18, 43, 7, 4, 2, '6', '2017-10-02'),
(19, 50, 2, 4, 3, '1', '2017-10-03'),
(20, 60, 12, 4, 8, '2', '2017-10-04'),
(21, 49, 10, 2, 7, '3', '2017-10-05'),
(22, 38, 10, 3, 10, '4', '2017-10-06'),
(23, 27, 6, 2, 2, '5', '2017-10-07'),
(24, 32, 6, 2, 10, '6', '2017-10-08'),
(25, 51, 10, 3, 7, '1', '2017-10-09'),
(26, 60, 13, 4, 9, '2', '2017-10-10'),
(27, 18, 7, 3, 7, '3', '2017-10-11'),
(28, 37, 8, 2, 3, '4', '2017-10-12'),
(29, 64, 3, 4, 4, '5', '2017-10-13'),
(30, 59, 3, 3, 9, '6', '2017-10-14'),
(31, 10, 7, 2, 8, '1', '2017-10-15'),
(32, 16, 9, 1, 3, '2', '2017-10-16'),
(33, 14, 11, 2, 2, '3', '2017-10-17'),
(34, 64, 3, 1, 7, '4', '2017-10-18'),
(35, 29, 11, 3, 9, '5', '2017-10-19'),
(36, 30, 3, 4, 10, '6', '2017-10-20'),
(37, 62, 4, 1, 6, '1', '2017-10-21'),
(38, 26, 2, 3, 8, '2', '2017-10-22'),
(39, 20, 11, 3, 8, '3', '2017-10-23'),
(40, 11, 14, 2, 5, '4', '2017-10-24'),
(41, 10, 8, 2, 3, '5', '2017-10-25'),
(42, 54, 4, 3, 5, '6', '2017-10-26'),
(43, 31, 4, 3, 5, '1', '2017-10-27'),
(44, 36, 9, 3, 9, '2', '2017-10-28'),
(45, 45, 12, 4, 5, '3', '2017-10-29'),
(46, 25, 9, 2, 10, '4', '2017-10-30'),
(47, 35, 4, 2, 4, '5', '2017-10-31'),
(48, 18, 9, 2, 1, '6', '2017-11-01'),
(49, 16, 4, 2, 4, '1', '2017-11-02'),
(50, 27, 12, 2, 3, '2', '2017-11-03'),
(51, 58, 9, 3, 3, '3', '2017-11-04'),
(52, 53, 5, 2, 4, '4', '2017-11-05'),
(53, 15, 4, 4, 7, '5', '2017-11-06'),
(54, 40, 7, 2, 6, '6', '2017-11-07'),
(55, 22, 13, 1, 8, '1', '2017-11-08'),
(56, 21, 9, 1, 5, '2', '2017-11-09'),
(57, 22, 12, 1, 5, '3', '2017-11-10'),
(58, 16, 8, 1, 9, '4', '2017-11-11'),
(59, 56, 14, 3, 6, '5', '2017-11-12'),
(60, 55, 2, 1, 7, '6', '2017-11-13'),
(61, 47, 1, 4, 2, '1', '2017-11-14'),
(62, 46, 7, 3, 5, '2', '2017-11-15'),
(63, 67, 1, 1, 9, '3', '2017-11-16'),
(64, 42, 12, 1, 4, '4', '2017-11-17'),
(65, 9, 13, 1, 7, '5', '2017-11-18'),
(66, 22, 14, 2, 5, '6', '2017-11-19'),
(67, 48, 12, 1, 8, '1', '2017-11-20'),
(68, 7, 12, 3, 3, '2', '2017-11-21'),
(69, 38, 7, 2, 1, '3', '2017-11-22'),
(70, 59, 4, 2, 7, '4', '2017-11-23'),
(71, 60, 13, 2, 5, '5', '2017-11-24'),
(72, 38, 6, 4, 5, '6', '2017-11-25'),
(73, 23, 4, 4, 6, '1', '2017-11-26'),
(74, 39, 6, 1, 10, '2', '2017-11-27'),
(75, 66, 7, 3, 5, '3', '2017-11-28'),
(76, 6, 14, 3, 8, '4', '2017-11-29'),
(77, 43, 9, 3, 8, '5', '2017-11-30'),
(78, 15, 14, 1, 3, '6', '2017-12-01'),
(79, 36, 5, 2, 4, '1', '2017-12-02'),
(80, 42, 8, 3, 8, '2', '2017-12-03'),
(81, 15, 9, 4, 10, '3', '2017-12-04'),
(82, 42, 7, 4, 2, '4', '2017-12-05'),
(83, 1, 5, 3, 3, '5', '2017-12-06'),
(84, 56, 14, 4, 9, '6', '2017-12-07'),
(85, 24, 7, 1, 6, '1', '2017-12-08'),
(86, 31, 9, 1, 8, '2', '2017-12-09'),
(87, 43, 3, 1, 4, '3', '2017-12-10'),
(88, 52, 5, 2, 3, '4', '2017-12-11'),
(89, 64, 11, 2, 6, '5', '2017-12-12'),
(90, 70, 9, 3, 9, '6', '2017-12-13'),
(91, 8, 11, 3, 8, '1', '2017-12-14'),
(92, 27, 14, 2, 3, '2', '2017-12-15'),
(93, 71, 9, 1, 7, '3', '2017-12-16'),
(94, 27, 8, 1, 3, '4', '2017-12-17'),
(95, 70, 7, 2, 8, '5', '2017-12-18'),
(96, 62, 12, 2, 2, '6', '2017-12-19'),
(97, 38, 2, 4, 9, '1', '2017-12-20'),
(98, 60, 12, 3, 6, '2', '2017-12-21'),
(99, 8, 8, 3, 6, '3', '2017-12-22'),
(100, 45, 14, 4, 7, '4', '2017-12-23');

-- --------------------------------------------------------

--
-- Struktura tabeli dla tabeli `przedmioty`
--

CREATE TABLE `przedmioty` (
  `id_przedmiotu` int(11) NOT NULL,
  `nazwa` varchar(100) COLLATE utf8_polish_ci NOT NULL
) ENGINE=InnoDB DEFAULT CHARSET=utf8 COLLATE=utf8_polish_ci;

--
-- Zrzut danych tabeli `przedmioty`
--

INSERT INTO `przedmioty` (`id_przedmiotu`, `nazwa`) VALUES
(1, 'język polski'),
(2, 'matematyka'),
(3, 'fizyka'),
(4, 'chemia'),
(5, 'informatyka'),
(6, 'bazy danych'),
(7, 'systemy operacyjne'),
(8, 'sieciowe systemy operacyjne'),
(9, 'aplikacje internetowe'),
(10, 'sieci komputerowe');

-- --------------------------------------------------------

--
-- Struktura tabeli dla tabeli `rodzaje_obecnosci`
--

CREATE TABLE `rodzaje_obecnosci` (
  `id_rodzaj_obecnosci` int(11) NOT NULL,
  `nazwa` char(2) COLLATE utf8_polish_ci NOT NULL,
  `pelna_nazwa` varchar(50) COLLATE utf8_polish_ci NOT NULL
) ENGINE=InnoDB DEFAULT CHARSET=utf8 COLLATE=utf8_polish_ci;

--
-- Zrzut danych tabeli `rodzaje_obecnosci`
--

INSERT INTO `rodzaje_obecnosci` (`id_rodzaj_obecnosci`, `nazwa`, `pelna_nazwa`) VALUES
(1, 'ob', 'obecność'),
(2, 'nb', 'nieobecność'),
(3, 'u', 'nieobecność uspr.'),
(4, 'N', 'nieobecność nieusprawiedliwiona'),
(5, 'sp', 'spóźnienie'),
(6, 'zw', 'zwolnienie');

-- --------------------------------------------------------

--
-- Struktura tabeli dla tabeli `rodzaje_ocen`
--

CREATE TABLE `rodzaje_ocen` (
  `id_rodzaj_oceny` int(11) NOT NULL,
  `nazwa` varchar(50) COLLATE utf8_polish_ci NOT NULL
) ENGINE=InnoDB DEFAULT CHARSET=utf8 COLLATE=utf8_polish_ci;

--
-- Zrzut danych tabeli `rodzaje_ocen`
--

INSERT INTO `rodzaje_ocen` (`id_rodzaj_oceny`, `nazwa`) VALUES
(1, 'semestralna'),
(2, 'sprawdzian'),
(3, 'kartkówka'),
(4, 'odpowiedź ustna');

-- --------------------------------------------------------

--
-- Struktura tabeli dla tabeli `uczniowie`
--

CREATE TABLE `uczniowie` (
  `id_ucznia` int(11) NOT NULL,
  `nazwisko` varchar(50) COLLATE utf8_polish_ci DEFAULT NULL,
  `imie` varchar(50) COLLATE utf8_polish_ci DEFAULT NULL,
  `miejscowosc` varchar(50) COLLATE utf8_polish_ci DEFAULT NULL,
  `ulica` varchar(50) COLLATE utf8_polish_ci DEFAULT NULL,
  `nr_domu` varchar(50) COLLATE utf8_polish_ci DEFAULT NULL,
  `data_urodzenia` date DEFAULT NULL,
  `plec` char(1) COLLATE utf8_polish_ci NOT NULL,
  `dat_rozp_nauki` date DEFAULT NULL,
  `miejsce_urodzenia` varchar(50) COLLATE utf8_polish_ci DEFAULT NULL,
  `id_klasy` int(11) DEFAULT NULL,
  `koniec_nauki` tinyint(4) DEFAULT NULL,
  `notatki_o_uczniu` text COLLATE utf8_polish_ci,
  `zdjecie` blob
) ENGINE=InnoDB DEFAULT CHARSET=utf8 COLLATE=utf8_polish_ci;

--
-- Zrzut danych tabeli `uczniowie`
--

INSERT INTO `uczniowie` (`id_ucznia`, `nazwisko`, `imie`, `miejscowosc`, `ulica`, `nr_domu`, `data_urodzenia`, `plec`, `dat_rozp_nauki`, `miejsce_urodzenia`, `id_klasy`, `koniec_nauki`, `notatki_o_uczniu`, `zdjecie`) VALUES
(1, 'Kowalski', 'Adrian', 'krosno', 'Dąbrowskiego', '12', '1999-12-12', 'M', '2017-10-06', 'Rzeszów', 1, 0, '', ''),
(2, 'Moskal', 'Konrad', 'rzeszów', 'Paderewskiego', '69', '2000-10-23', 'M', '2017-10-06', 'Strzyżów', 1, 0, '', ''),
(3, 'Kiebała', 'Paweł', 'brzozów', 'Rejtana', '34', '1999-12-31', 'M', '2017-10-06', 'Krosno', 1, 0, '', ''),
(4, 'Wilk', 'Konrad', 'brzozów', 'Wyspiańskiego', '34', '2003-12-06', 'M', '2017-10-06', 'Rzeszów', 1, 0, '', ''),
(5, 'Kiełtyka', 'Patryk', 'rzeszów', 'Podkarpacka', '65', '2001-11-30', 'M', '2017-10-06', 'Strzyżów', 1, 0, '', ''),
(6, 'Warchoł', 'Ola', 'sanok', 'Gortretta', '56', '2003-12-06', 'K', '2017-10-06', 'Rzeszów', 2, 0, '', ''),
(7, 'Zimny', 'magda', 'sanok', 'Rejtana', '76', '1999-12-12', 'K', '2017-10-06', 'Rzeszów', 2, 0, '', ''),
(8, 'Wójtowicz', 'Basia', 'krosno', 'Paderewskiego', '65', '2000-10-23', 'K', '2017-10-06', 'Strzyżów', 2, 0, '', ''),
(9, 'Kucab', 'Karolina', 'lesko', 'Wyspiańskiego', '45', '1999-12-31', 'K', '2017-10-06', 'Krosno', 2, 0, '', ''),
(10, 'Poprawa', 'Adam', 'lesko', 'Rejtana', '34', '2001-11-30', 'M', '2017-10-06', 'Strzyżów', 2, 0, '', ''),
(11, 'Jaworski', 'igor', 'lesko', 'Dąbrowskiego', '87', '1999-12-12', 'M', '2017-10-06', 'Rzeszów', 3, 0, '', ''),
(12, 'Kut', 'łukasz', 'rzeszów', 'Wyspiańskiego', '567', '2000-10-23', 'M', '2017-10-06', 'Strzyżów', 3, 0, '', ''),
(13, 'Bem', 'Mateusz', 'sanok', 'Paderewskiego', '567', '1999-12-31', 'M', '2017-10-06', 'Rzeszów', 3, 0, '', ''),
(14, 'Ćwiklik', 'dominik', 'sanok', 'Rejtana', '897', '2003-12-06', 'M', '2017-10-06', 'Strzyżów', 3, 0, '', ''),
(15, 'Kwiatkowski', 'mariola', 'sanok', 'Wyspiańskiego', '567', '1999-12-12', 'K', '2017-10-06', 'Krosno', 3, 0, '', ''),
(16, 'Majcher', 'magda', 'krosno', 'Dąbrowskiego', '45', '1999-10-23', 'K', '2017-10-06', 'Strzyżów', 4, 0, '', ''),
(17, 'Czech', 'mateusz', 'brzozów', 'Rejtana', '67', '2000-12-31', 'M', '2017-10-06', 'Rzeszów', 4, 0, '', ''),
(18, 'Lepak', 'patryk', 'krosno', 'Wyspiańskiego', '54', '2003-12-06', 'M', '2017-10-06', 'Strzyżów', 4, 0, '', ''),
(19, 'Pelczar', 'konrad', 'brzozów', 'Paderewskiego', '43', '2003-12-06', 'M', '2017-10-06', 'Rzeszów', 4, 0, '', ''),
(20, 'Żak', 'ola', 'rzeszów', 'Rejtana', '76', '1999-12-12', 'K', '2017-10-06', 'Krosno', 4, 0, '', ''),
(21, 'Ogorzałek', 'magda', 'mielec', 'Dąbrowskiego', '87', '1999-10-23', 'K', '2017-10-06', 'Strzyżów', 5, 0, '', ''),
(22, 'Leś', 'Paweł', 'mielec', 'Rejtana', '65', '2000-12-31', 'M', '2017-10-06', 'Rzeszów', 5, 0, '', ''),
(23, 'bazylak', 'dominik', 'mielec', 'Wyspiańskiego', '34', '2001-11-30', 'M', '2017-10-06', 'Strzyżów', 5, 0, '', ''),
(24, 'Borkowska', 'magda', 'mielec', 'Dąbrowskiego', '76', '1999-12-31', 'K', '2017-10-06', 'Rzeszów', 5, 0, '', ''),
(25, 'Irzyk', 'ola', 'mielec', 'Paderewskiego', '54', '2003-12-06', 'K', '2017-10-06', 'Strzyżów', 5, 0, '', ''),
(26, 'hadam', 'emilka', 'krosno', 'Rejtana', '43', '1999-12-12', 'K', '2017-10-06', 'Rzeszów', 6, 0, '', ''),
(27, 'rybka', 'ada', 'jasło', 'Dąbrowskiego', '87', '2000-10-23', 'K', '2017-10-06', 'Krosno', 6, 0, '', ''),
(28, 'małek', 'łukasz', 'brzozów', 'Paderewskiego', '54', '2001-11-30', 'M', '2017-10-06', 'Strzyżów', 6, 0, '', ''),
(29, 'kruczek', 'konrad', 'rzeszów', 'Rejtana', '67', '1999-12-31', 'M', '2017-10-06', 'Rzeszów', 6, 0, '', ''),
(30, 'Gugała', 'patryk', 'mielec', 'Wyspiańskiego', '45', '2003-12-06', 'M', '2017-10-06', 'Krosno', 6, 0, '', ''),
(31, 'Turoń', 'mateusz', 'lesko', 'Dąbrowskiego', '76', '1999-12-12', 'M', '2017-10-06', 'Strzyżów', 7, 0, '', ''),
(32, 'midura', 'łukasz', 'lesko', 'Paderewskiego', '54', '1999-10-23', 'M', '2017-10-06', 'Krosno', 7, 0, '', ''),
(33, 'kawa', 'patryk', 'krosno', 'Wyspiańskiego', '76', '1999-12-31', 'M', '2017-10-06', 'Rzeszów', 7, 0, '', ''),
(34, 'basamania', 'dominik', 'lesko', 'Rejtana', '98', '1999-12-12', 'M', '2017-10-06', 'Rzeszów', 7, 0, '', ''),
(35, 'chmiel', 'łukasz', 'lesko', 'Wyspiańskiego', '64', '1999-10-23', 'M', '2017-10-06', 'Strzyżów', 7, 0, '', ''),
(36, 'stączek', 'patryk', 'jasło', 'Dąbrowskiego', '34', '2001-11-30', 'M', '2017-10-06', 'Krosno', 8, 0, '', ''),
(37, 'kolbusz', 'ola', 'rzeszów', 'Paderewskiego', '65', '1999-12-12', 'K', '2017-10-06', 'Rzeszów', 8, 0, '', ''),
(38, 'mazur', 'dominik', 'lesko', 'Rejtana', '67', '2001-11-30', 'M', '2017-10-06', 'Strzyżów', 8, 0, '', ''),
(39, 'gulek', 'dominika', 'lesko', 'Wyspiańskiego', '345', '1999-12-31', 'K', '2017-10-06', 'Rzeszów', 8, 0, '', ''),
(40, 'rusin', 'ela', 'rzeszów', 'Rejtana', '43', '2001-11-30', 'K', '2017-10-06', 'Krosno', 8, 0, '', ''),
(41, 'cisek', 'mariola', 'jasło', 'Wyspiańskiego', '76', '1999-12-12', 'K', '2017-10-06', 'Rzeszów', 9, 0, '', ''),
(42, 'pierzchała', 'patrycja', 'mielec', 'Dąbrowskiego', '54', '2003-12-06', 'K', '2017-10-06', 'Rzeszów', 9, 0, '', ''),
(43, 'węgrzyn', 'paulina', 'mielec', 'Paderewskiego', '34', '1999-10-23', 'K', '2017-10-06', 'Strzyżów', 9, 0, '', ''),
(44, 'rybka', 'dominika', 'mielec', 'Dąbrowskiego', '76', '2003-12-06', 'K', '2017-10-06', 'Krosno', 9, 0, '', ''),
(45, 'dziadek', 'asia', 'krosno', 'Rejtana', '54', '1999-12-31', 'K', '2017-10-06', 'Rzeszów', 9, 0, '', ''),
(46, 'barsznica', 'ania', 'lesko', 'Wyspiańskiego', '76', '2001-11-30', 'K', '2017-10-06', 'Strzyżów', 10, 0, '', ''),
(47, 'kozimor', 'paweł', 'sanok', 'Paderewskiego', '4', '1999-12-12', 'M', '2017-10-06', 'Rzeszów', 10, 0, '', ''),
(48, 'gorczyca', 'robert', 'sanok', 'Dąbrowskiego', '65', '2003-12-06', 'M', '2017-10-06', 'Krosno', 10, 0, '', ''),
(49, 'więch', 'piotr', 'rzeszów', 'Paderewskiego', '87', '2001-11-30', 'M', '2017-10-06', 'Strzyżów', 10, 0, '', ''),
(50, 'strzępek', 'michał', 'brzozów', 'Rejtana', '98', '1999-12-12', 'M', '2017-10-06', 'Rzeszów', 10, 0, '', ''),
(51, 'wójcik', 'maciek', 'jasło', 'Dąbrowskiego', '76', '1999-12-31', 'M', '2017-10-06', 'Rzeszów', 11, 0, '', ''),
(52, 'szetela', 'robert', 'brzozów', 'Rejtana', '54', '1999-10-23', 'M', '2017-10-06', 'Rzeszów', 11, 0, '', ''),
(53, 'podsiadło', 'konrad', 'brzozów', 'Paderewskiego', '43', '1999-12-12', 'M', '2017-10-06', 'Krosno', 11, 0, '', ''),
(54, 'kut', 'łukasz', 'jasło', 'Wyspiańskiego', '23', '1999-12-31', 'M', '2017-10-06', 'Strzyżów', 11, 0, '', ''),
(55, 'rysz', 'paweł', 'sanok', 'Paderewskiego', '54', '1999-10-23', 'M', '2017-10-06', 'Rzeszów', 11, 0, '', ''),
(56, 'gierus', 'magda', 'sanok', 'Dąbrowskiego', '2', '1999-12-12', 'K', '2017-10-06', 'Krosno', 12, 0, '', ''),
(57, 'sucharski', 'emilka', 'sanok', 'Wyspiańskiego', '43', '1999-12-31', 'K', '2017-10-06', 'Rzeszów', 12, 0, '', ''),
(58, 'matłosz', 'magda', 'lesko', 'Paderewskiego', '54', '1999-12-12', 'K', '2017-10-06', 'Rzeszów', 12, 0, '', ''),
(59, 'łojek', 'paweł', 'rzeszów', 'Wyspiańskiego', '65', '2003-12-06', 'M', '2017-10-06', 'Strzyżów', 12, 0, '', ''),
(60, 'machoń', 'patryk', 'rzeszów', 'Dąbrowskiego', '43', '2003-12-06', 'M', '2017-10-06', 'Krosno', 12, 0, '', ''),
(61, 'wilusz', 'mariola', 'rzeszów', 'Paderewskiego', '4', '1999-12-12', 'K', '2017-10-06', 'Rzeszów', 13, 0, '', ''),
(62, 'orgasiński', 'piotr', 'rzeszów', 'Wyspiańskiego', '543', '1999-12-31', 'M', '2017-10-06', 'Strzyżów', 13, 0, '', ''),
(63, 'matłosz', 'konrad', 'jasło', 'Dąbrowskiego', '43', '2001-11-30', 'M', '2017-10-06', 'Rzeszów', 13, 0, '', ''),
(64, 'oparowski', 'ola', 'rzeszów', 'Paderewskiego', '32', '1999-12-12', 'K', '2017-10-06', 'Krosno', 13, 0, '', ''),
(65, 'batóg', 'magda', 'rzeszów', 'Wyspiańskiego', '564', '1999-12-31', 'K', '2017-10-06', 'Strzyżów', 13, 0, '', ''),
(66, 'bożek', 'paweł', 'rzeszów', 'Podkarpacka', '32', '1999-10-23', 'M', '2017-10-06', 'Krosno', 13, 0, '', ''),
(67, 'urban', 'piotr', 'rzeszów', 'Paderewskiego', '54', '2003-12-06', 'M', '2017-10-06', 'Rzeszów', 14, 0, '', ''),
(68, 'bałabas', 'dominik', 'lesko', 'Wyspiańskiego', '32', '1999-12-31', 'M', '2017-10-06', 'Rzeszów', 14, 0, '', ''),
(69, 'dziura', 'dominika', 'jasło', 'Dąbrowskiego', '54', '1999-12-12', 'K', '2017-10-06', 'Rzeszów', 14, 0, '', ''),
(70, 'zięba', 'robert', 'sanok', 'Paderewskiego', '43', '1999-10-23', 'M', '2017-10-06', 'Rzeszów', 14, 0, '', ''),
(71, 'król', 'jan', 'brzozów', 'Jasna', '11', '1999-10-10', 'M', '2017-10-06', 'Strzyżów', 14, 0, '', ''),
(72, 'lula', 'anna', 'jasło', 'Długa', '1', '1999-11-11', 'K', '2017-10-06', 'Jasło', 14, 0, '', ''),
(74, 'Iksiński', 'Zenek', NULL, NULL, NULL, NULL, '', NULL, NULL, 2, NULL, NULL, NULL);

--
-- Indeksy dla zrzutów tabel
--

--
-- Indexes for table `klasy`
--
ALTER TABLE `klasy`
  ADD PRIMARY KEY (`id_klasy`);

--
-- Indexes for table `nauczyciele`
--
ALTER TABLE `nauczyciele`
  ADD PRIMARY KEY (`id_nauczyciela`);

--
-- Indexes for table `obecnosci`
--
ALTER TABLE `obecnosci`
  ADD PRIMARY KEY (`id_obecnosci`);

--
-- Indexes for table `oceny`
--
ALTER TABLE `oceny`
  ADD PRIMARY KEY (`id_oceny`),
  ADD KEY `id_ucznia` (`id_ucznia`),
  ADD KEY `id_nauczyciela` (`id_nauczyciela`),
  ADD KEY `id_rodzaj_oceny` (`id_rodzaj_oceny`),
  ADD KEY `id_przedmiotu` (`id_przedmiotu`);

--
-- Indexes for table `przedmioty`
--
ALTER TABLE `przedmioty`
  ADD PRIMARY KEY (`id_przedmiotu`);

--
-- Indexes for table `rodzaje_obecnosci`
--
ALTER TABLE `rodzaje_obecnosci`
  ADD PRIMARY KEY (`id_rodzaj_obecnosci`);

--
-- Indexes for table `rodzaje_ocen`
--
ALTER TABLE `rodzaje_ocen`
  ADD PRIMARY KEY (`id_rodzaj_oceny`);

--
-- Indexes for table `uczniowie`
--
ALTER TABLE `uczniowie`
  ADD PRIMARY KEY (`id_ucznia`),
  ADD KEY `id_klasy` (`id_klasy`);

--
-- AUTO_INCREMENT for dumped tables
--

--
-- AUTO_INCREMENT dla tabeli `klasy`
--
ALTER TABLE `klasy`
  MODIFY `id_klasy` int(11) NOT NULL AUTO_INCREMENT, AUTO_INCREMENT=15;

--
-- AUTO_INCREMENT dla tabeli `nauczyciele`
--
ALTER TABLE `nauczyciele`
  MODIFY `id_nauczyciela` int(11) NOT NULL AUTO_INCREMENT, AUTO_INCREMENT=15;

--
-- AUTO_INCREMENT dla tabeli `obecnosci`
--
ALTER TABLE `obecnosci`
  MODIFY `id_obecnosci` int(11) NOT NULL AUTO_INCREMENT, AUTO_INCREMENT=1480;

--
-- AUTO_INCREMENT dla tabeli `oceny`
--
ALTER TABLE `oceny`
  MODIFY `id_oceny` int(11) NOT NULL AUTO_INCREMENT, AUTO_INCREMENT=101;

--
-- AUTO_INCREMENT dla tabeli `przedmioty`
--
ALTER TABLE `przedmioty`
  MODIFY `id_przedmiotu` int(11) NOT NULL AUTO_INCREMENT, AUTO_INCREMENT=11;

--
-- AUTO_INCREMENT dla tabeli `rodzaje_obecnosci`
--
ALTER TABLE `rodzaje_obecnosci`
  MODIFY `id_rodzaj_obecnosci` int(11) NOT NULL AUTO_INCREMENT, AUTO_INCREMENT=7;

--
-- AUTO_INCREMENT dla tabeli `rodzaje_ocen`
--
ALTER TABLE `rodzaje_ocen`
  MODIFY `id_rodzaj_oceny` int(11) NOT NULL AUTO_INCREMENT, AUTO_INCREMENT=5;

--
-- AUTO_INCREMENT dla tabeli `uczniowie`
--
ALTER TABLE `uczniowie`
  MODIFY `id_ucznia` int(11) NOT NULL AUTO_INCREMENT, AUTO_INCREMENT=75;

--
-- Ograniczenia dla zrzutów tabel
--

--
-- Ograniczenia dla tabeli `oceny`
--
ALTER TABLE `oceny`
  ADD CONSTRAINT `oceny_ibfk_1` FOREIGN KEY (`id_ucznia`) REFERENCES `uczniowie` (`id_ucznia`),
  ADD CONSTRAINT `oceny_ibfk_2` FOREIGN KEY (`id_rodzaj_oceny`) REFERENCES `rodzaje_ocen` (`id_rodzaj_oceny`),
  ADD CONSTRAINT `oceny_ibfk_3` FOREIGN KEY (`id_przedmiotu`) REFERENCES `przedmioty` (`id_przedmiotu`),
  ADD CONSTRAINT `oceny_ibfk_4` FOREIGN KEY (`id_nauczyciela`) REFERENCES `nauczyciele` (`id_nauczyciela`);

--
-- Ograniczenia dla tabeli `uczniowie`
--
ALTER TABLE `uczniowie`
  ADD CONSTRAINT `uczniowie_ibfk_1` FOREIGN KEY (`id_klasy`) REFERENCES `klasy` (`id_klasy`);
COMMIT;

/*!40101 SET CHARACTER_SET_CLIENT=@OLD_CHARACTER_SET_CLIENT */;
/*!40101 SET CHARACTER_SET_RESULTS=@OLD_CHARACTER_SET_RESULTS */;
/*!40101 SET COLLATION_CONNECTION=@OLD_COLLATION_CONNECTION */;
